"n_tested","n_significant","true_positives","false_positives","n_true_de","sensitivity","precision","empirical_fdr","nominal_fdr","avg_precision","sens_exclusive","sens_low_abund","sig_excl_rescued","n_excl_kept","n_exclusive_added","excl_admit_fpr","norm_used","batch_in_model","shrink_applied","common_disp","arm","rep","scenario_row","lib_lo","lib_hi","n_per_group","median_lib"
8845,59,54,5,1720,0.0313953488372093,0.915254237288136,0.0847457627118644,0.1,0.165319496848089,0,0,0,20,3662,0.994538503549973,"TMMwsp",TRUE,FALSE,1.68259644688788,"ctc_pipeline",1,1,1e+05,3e+05,5,198851
8845,59,54,5,1720,0.0313953488372093,0.915254237288136,0.0847457627118644,0.1,0.165370932434187,0,0,0,20,3662,0.994538503549973,"TMMwsp",TRUE,FALSE,1.68259644688788,"fix_filter",1,1,1e+05,3e+05,5,198851
5995,59,54,5,1720,0.0313953488372093,0.915254237288136,0.0847457627118644,0.1,0.15699808007608,0,0,0,20,3922,0.994900560938297,"TMMwsp",TRUE,FALSE,1.03643987785755,"ablate_filter",1,1,1e+05,3e+05,5,198851
11970,101,98,3,1720,0.0569767441860465,0.97029702970297,0.0297029702970297,0.1,0.239006704440787,0,0,0,55,3772,0.98541887592789,"TMMwsp",TRUE,FALSE,1.34734248067925,"ctc_pipeline",1,2,3e+05,9e+05,5,537346.5
11970,101,98,3,1720,0.0569767441860465,0.97029702970297,0.0297029702970297,0.1,0.238874025094613,0,0,0,55,3772,0.98541887592789,"TMMwsp",TRUE,FALSE,1.34734248067925,"fix_filter",1,2,3e+05,9e+05,5,537346.5
7995,122,114,8,1720,0.0662790697674419,0.934426229508197,0.0655737704918033,0.1,0.222491260207359,0,0,0,55,4072,0.986493123772102,"TMMwsp",TRUE,FALSE,0.822059297295661,"ablate_filter",1,2,3e+05,9e+05,5,537346.5
14950,194,183,11,1720,0.106395348837209,0.943298969072165,0.056701030927835,0.1,0.337770662467375,0,0.00254452926208651,0,99,3144,0.97264631043257,"TMMwsp",TRUE,FALSE,0.993623020588579,"ctc_pipeline",1,3,1e+06,3e+06,5,2334407
14950,194,183,11,1720,0.106395348837209,0.943298969072165,0.056701030927835,0.1,0.337517092196423,0,0.00254452926208651,0,99,3144,0.97264631043257,"TMMwsp",TRUE,FALSE,0.993623020588579,"fix_filter",1,3,1e+06,3e+06,5,2334407
10782,209,195,14,1720,0.113372093023256,0.933014354066986,0.0669856459330144,0.1,0.32506103312068,0,0.00254452926208651,0,99,3465,0.971428571428571,"TMMwsp",TRUE,FALSE,0.686650556109995,"ablate_filter",1,3,1e+06,3e+06,5,2334407
17583,421,394,27,1720,0.22906976744186,0.935866983372922,0.0641330166270784,0.1,0.49072549715014,0.183333333333333,0.0186666666666667,0,120,2265,0.984547461368653,"TMMwsp",TRUE,FALSE,0.679705527899168,"ctc_pipeline",1,4,5e+06,1.5e+07,5,9449341
17339,422,394,28,1720,0.22906976744186,0.933649289099526,0.0663507109004739,0.1,0.490802727683843,0.183333333333333,0.0186666666666667,0,120,2486,0.985116653258246,"TMMwsp",TRUE,FALSE,0.673040488912716,"fix_filter",1,4,5e+06,1.5e+07,5,9449341
13958,444,407,37,1720,0.236627906976744,0.916666666666667,0.0833333333333333,0.1,0.474245574906884,0.158333333333333,0.0186666666666667,7,120,2786,0.964824120603015,"TMMwsp",TRUE,FALSE,0.514376653042381,"ablate_filter",1,4,5e+06,1.5e+07,5,9449341
18954,774,700,74,1720,0.406976744186047,0.904392764857881,0.0956072351421189,0.1,0.624504158000807,1,0.108374384236453,1,120,716,0.998603351955307,"TMMwsp",TRUE,FALSE,0.417766148297088,"ctc_pipeline",1,5,2e+07,6e+07,5,44799033
18587,781,703,78,1720,0.408720930232558,0.900128040973111,0.0998719590268886,0.1,0.624217213147313,1,0.108374384236453,1,120,1745,0.999426934097421,"TMMwsp",TRUE,FALSE,0.407163860802699,"fix_filter",1,5,2e+07,6e+07,5,44799033
17546,786,708,78,1720,0.411627906976744,0.900763358778626,0.099236641221374,0.1,0.622363115736406,1,0.108374384236453,3,120,1840,0.998369565217391,"TMMwsp",TRUE,FALSE,0.373340801685393,"ablate_filter",1,5,2e+07,6e+07,5,44799033
8629,41,41,0,1720,0.0238372093023256,1,0,0.1,0.165820944738662,0,0,0,16,3734,0.995715050883771,"TMMwsp",TRUE,FALSE,1.70593391242045,"ctc_pipeline",2,1,1e+05,3e+05,5,185363
8629,41,41,0,1720,0.0238372093023256,1,0,0.1,0.165133098066662,0,0,0,16,3734,0.995715050883771,"TMMwsp",TRUE,FALSE,1.70593391242045,"fix_filter",2,1,1e+05,3e+05,5,185363
5785,46,45,1,1720,0.0261627906976744,0.978260869565217,0.0217391304347826,0.1,0.162490317523108,0,0,0,16,3965,0.995964691046658,"TMMwsp",TRUE,FALSE,0.994275289200387,"ablate_filter",2,1,1e+05,3e+05,5,185363
12159,125,122,3,1720,0.0709302325581395,0.976,0.024,0.1,0.234793886214449,0,0.00472813238770686,0,51,3755,0.98641810918775,"TMMwsp",TRUE,FALSE,1.33722665912299,"ctc_pipeline",2,2,3e+05,9e+05,5,509449
12159,125,122,3,1720,0.0709302325581395,0.976,0.024,0.1,0.235032470799324,0,0.00472813238770686,0,51,3755,0.98641810918775,"TMMwsp",TRUE,FALSE,1.33722665912299,"fix_filter",2,2,3e+05,9e+05,5,509449
8104,131,128,3,1720,0.0744186046511628,0.977099236641221,0.0229007633587786,0.1,0.224310441734168,0,0.00472813238770686,0,51,4102,0.987567040468064,"TMMwsp",TRUE,FALSE,0.815377682076671,"ablate_filter",2,2,3e+05,9e+05,5,509449
14624,216,209,7,1720,0.121511627906977,0.967592592592593,0.0324074074074074,0.1,0.330486211451154,0,0,0,104,3209,0.973511997507012,"TMMwsp",TRUE,FALSE,1.01936124080004,"ctc_pipeline",2,3,1e+06,3e+06,5,2298083
14624,216,209,7,1720,0.121511627906977,0.967592592592593,0.0324074074074074,0.1,0.330390735852028,0,0,0,104,3209,0.973511997507012,"TMMwsp",TRUE,FALSE,1.01936124080004,"fix_filter",2,3,1e+06,3e+06,5,2298083
10265,234,221,13,1720,0.128488372093023,0.944444444444444,0.0555555555555556,0.1,0.315351732521875,0,0,0,104,3515,0.970412517780939,"TMMwsp",TRUE,FALSE,0.663145388479324,"ablate_filter",2,3,1e+06,3e+06,5,2298083
17470,379,360,19,1720,0.209302325581395,0.949868073878628,0.050131926121372,0.1,0.462283866510446,0.075,0.0153846153846154,0,119,2420,0.988842975206612,"TMMwsp",TRUE,FALSE,0.710560942728888,"ctc_pipeline",2,4,5e+06,1.5e+07,5,11179531.5
17211,381,362,19,1720,0.21046511627907,0.9501312335958,0.0498687664041995,0.1,0.46241895475427,0.0916666666666667,0.0153846153846154,0,119,2736,0.989035087719298,"TMMwsp",TRUE,FALSE,0.702919030117015,"fix_filter",2,4,5e+06,1.5e+07,5,11179531.5
14023,409,378,31,1720,0.219767441860465,0.924205378973105,0.0757946210268949,0.1,0.451314578944068,0.1,0.0128205128205128,3,119,3069,0.970348647768003,"TMMwsp",TRUE,FALSE,0.544039569383231,"ablate_filter",2,4,5e+06,1.5e+07,5,11179531.5
18919,732,682,50,1720,0.396511627906977,0.931693989071038,0.0683060109289618,0.1,0.633267032031725,0.983333333333333,0.0833333333333333,0,120,703,1,"TMMwsp",TRUE,FALSE,0.427480659527856,"ctc_pipeline",2,5,2e+07,6e+07,5,47140150
18577,748,690,58,1720,0.401162790697674,0.922459893048128,0.0775401069518717,0.1,0.632555685479902,0.983333333333333,0.0860215053763441,0,120,1708,0.999414519906323,"TMMwsp",TRUE,FALSE,0.417950409144228,"fix_filter",2,5,2e+07,6e+07,5,47140150
17598,759,698,61,1720,0.405813953488372,0.919631093544137,0.080368906455863,0.1,0.630167474822183,0.983333333333333,0.0860215053763441,2,120,1818,0.997799779977998,"TMMwsp",TRUE,FALSE,0.385099353682751,"ablate_filter",2,5,2e+07,6e+07,5,47140150
9476,59,55,4,1720,0.0319767441860465,0.932203389830508,0.0677966101694915,0.1,0.177074433719352,0,0,0,19,3796,0.994994731296101,"TMMwsp",TRUE,FALSE,1.65152775929977,"ctc_pipeline",3,1,1e+05,3e+05,5,214909
9476,59,55,4,1720,0.0319767441860465,0.932203389830508,0.0677966101694915,0.1,0.176432550419344,0,0,0,19,3796,0.994994731296101,"TMMwsp",TRUE,FALSE,1.65152775929977,"fix_filter",3,1,1e+05,3e+05,5,214909
6425,62,58,4,1720,0.0337209302325581,0.935483870967742,0.0645161290322581,0.1,0.169279897846111,0,0,0,19,4065,0.995325953259533,"TMMwsp",TRUE,FALSE,1.01828116060774,"ablate_filter",3,1,1e+05,3e+05,5,214909
11237,107,105,2,1720,0.061046511627907,0.981308411214953,0.0186915887850467,0.1,0.22165869449765,0,0,0,34,3803,0.991059689718643,"TMMwsp",TRUE,FALSE,1.45106400207541,"ctc_pipeline",3,2,3e+05,9e+05,5,540248
11237,107,105,2,1720,0.061046511627907,0.981308411214953,0.0186915887850467,0.1,0.221907746383743,0,0,0,34,3803,0.991059689718643,"TMMwsp",TRUE,FALSE,1.45106400207541,"fix_filter",3,2,3e+05,9e+05,5,540248
7521,109,107,2,1720,0.0622093023255814,0.981651376146789,0.018348623853211,0.1,0.203496203715311,0,0,0,34,4055,0.991615289765721,"TMMwsp",TRUE,FALSE,0.895003092349606,"ablate_filter",3,2,3e+05,9e+05,5,540248
14485,224,217,7,1720,0.126162790697674,0.96875,0.03125,0.1,0.352625909817782,0,0.00742574257425743,0,114,3254,0.979102642901045,"TMMwsp",TRUE,FALSE,1.04703146106421,"ctc_pipeline",3,3,1e+06,3e+06,5,1791173
14485,224,217,7,1720,0.126162790697674,0.96875,0.03125,0.1,0.352445979892614,0,0.00742574257425743,0,114,3254,0.979102642901045,"TMMwsp",TRUE,FALSE,1.04703146106421,"fix_filter",3,3,1e+06,3e+06,5,1791173
10197,233,225,8,1720,0.130813953488372,0.965665236051502,0.0343347639484979,0.1,0.330845368486621,0,0.00495049504950495,0,114,3652,0.968784227820372,"TMMwsp",TRUE,FALSE,0.696495814478364,"ablate_filter",3,3,1e+06,3e+06,5,1791173
17840,447,423,24,1720,0.24593023255814,0.946308724832215,0.0536912751677852,0.1,0.512121600739101,0.158333333333333,0.0152284263959391,1,120,2059,0.983972802331229,"TMMwsp",TRUE,FALSE,0.629405021077468,"ctc_pipeline",3,4,5e+06,1.5e+07,5,9841228
17627,451,426,25,1720,0.247674418604651,0.944567627494457,0.0554323725055432,0.1,0.512269386252296,0.158333333333333,0.0152284263959391,1,120,2298,0.983899042645779,"TMMwsp",TRUE,FALSE,0.623656432961922,"fix_filter",3,4,5e+06,1.5e+07,5,9841228
14316,468,440,28,1720,0.255813953488372,0.94017094017094,0.0598290598290598,0.1,0.491654935798757,0.15,0.0152284263959391,5,120,2592,0.960648148148148,"TMMwsp",TRUE,FALSE,0.474448852795596,"ablate_filter",3,4,5e+06,1.5e+07,5,9841228
18259,668,614,54,1720,0.356976744186047,0.919161676646707,0.0808383233532934,0.1,0.588210746334568,0.983333333333333,0.0392156862745098,1,120,951,0.997896950578339,"TMMwsp",TRUE,FALSE,0.495768080108214,"ctc_pipeline",3,5,2e+07,6e+07,5,47941832.5
17811,673,617,56,1720,0.358720930232558,0.916790490341753,0.0832095096582467,0.1,0.587713650952555,0.983333333333333,0.0416666666666667,2,120,2194,0.998176845943482,"TMMwsp",TRUE,FALSE,0.4795595776054,"fix_filter",3,5,2e+07,6e+07,5,47941832.5
16798,683,625,58,1720,0.363372093023256,0.915080527086384,0.0849194729136164,0.1,0.585277965696983,0.983333333333333,0.0416666666666667,9,120,2325,0.995268817204301,"TMMwsp",TRUE,FALSE,0.438679822056144,"ablate_filter",3,5,2e+07,6e+07,5,47941832.5
8428,40,39,1,1720,0.0226744186046512,0.975,0.025,0.1,0.152743018623401,0,0,0,17,3669,0.995366584900518,"TMMwsp",TRUE,FALSE,1.75607960365592,"ctc_pipeline",4,1,1e+05,3e+05,5,157375
8428,40,39,1,1720,0.0226744186046512,0.975,0.025,0.1,0.15264624785143,0,0,0,17,3669,0.995366584900518,"TMMwsp",TRUE,FALSE,1.75607960365592,"fix_filter",4,1,1e+05,3e+05,5,157375
5683,45,44,1,1720,0.0255813953488372,0.977777777777778,0.0222222222222222,0.1,0.144919907693968,0,0,0,17,3898,0.995638789122627,"TMMwsp",TRUE,FALSE,1.04777791286856,"ablate_filter",4,1,1e+05,3e+05,5,157375
12192,112,110,2,1720,0.063953488372093,0.982142857142857,0.0178571428571429,0.1,0.25035288141024,0,0,0,66,3707,0.982195845697329,"TMMwsp",TRUE,FALSE,1.34337416502595,"ctc_pipeline",4,2,3e+05,9e+05,5,711752.5
12192,112,110,2,1720,0.063953488372093,0.982142857142857,0.0178571428571429,0.1,0.250133075619713,0,0,0,66,3707,0.982195845697329,"TMMwsp",TRUE,FALSE,1.34337416502595,"fix_filter",4,2,3e+05,9e+05,5,711752.5
8393,132,124,8,1720,0.072093023255814,0.93939393939394,0.0606060606060606,0.1,0.242393172961447,0,0,0,66,3997,0.983487615711784,"TMMwsp",TRUE,FALSE,0.865159157016538,"ablate_filter",4,2,3e+05,9e+05,5,711752.5
14427,180,166,14,1720,0.0965116279069767,0.922222222222222,0.0777777777777778,0.1,0.298648195499262,0,0.00244498777506112,0,93,3248,0.976908866995074,"TMMwsp",TRUE,FALSE,1.04756962889656,"ctc_pipeline",4,3,1e+06,3e+06,5,2017230.5
14427,180,166,14,1720,0.0965116279069767,0.922222222222222,0.0777777777777778,0.1,0.298742067274538,0,0.00244498777506112,0,93,3248,0.976908866995074,"TMMwsp",TRUE,FALSE,1.04756962889656,"fix_filter",4,3,1e+06,3e+06,5,2017230.5
10092,201,182,19,1720,0.105813953488372,0.90547263681592,0.0945273631840796,0.1,0.285997249765591,0,0.00244498777506112,0,93,3577,0.974000559127761,"TMMwsp",TRUE,FALSE,0.679618378324567,"ablate_filter",4,3,1e+06,3e+06,5,2017230.5
17593,427,401,26,1720,0.233139534883721,0.939110070257611,0.0608899297423888,0.1,0.496179188666455,0.225,0.0243243243243243,1,119,2317,0.985325852395339,"TMMwsp",TRUE,FALSE,0.679524259266371,"ctc_pipeline",4,4,5e+06,1.5e+07,5,9218929.5
17383,427,401,26,1720,0.233139534883721,0.939110070257611,0.0608899297423888,0.1,0.495872581314306,0.225,0.0243243243243243,1,119,2571,0.985997666277713,"TMMwsp",TRUE,FALSE,0.673300169023915,"fix_filter",4,4,5e+06,1.5e+07,5,9218929.5
13788,440,410,30,1720,0.238372093023256,0.931818181818182,0.0681818181818182,0.1,0.476577195405075,0.208333333333333,0.0243243243243243,14,119,2855,0.962872154115587,"TMMwsp",TRUE,FALSE,0.499601686946092,"ablate_filter",4,4,5e+06,1.5e+07,5,9218929.5
18896,712,654,58,1720,0.380232558139535,0.918539325842697,0.0814606741573034,0.1,0.613796844204781,0.991666666666667,0.103015075376884,0,120,725,1,"TMMwsp",TRUE,FALSE,0.422433054366514,"ctc_pipeline",4,5,2e+07,6e+07,5,39776151.5
18525,716,656,60,1720,0.381395348837209,0.916201117318436,0.0837988826815642,0.1,0.613584041060172,0.991666666666667,0.103015075376884,1,120,1666,0.999399759903962,"TMMwsp",TRUE,FALSE,0.412254730614118,"fix_filter",4,5,2e+07,6e+07,5,39776151.5
17407,728,663,65,1720,0.38546511627907,0.910714285714286,0.0892857142857143,0.1,0.608472405305263,0.991666666666667,0.103015075376884,2,120,1803,0.998890737659456,"TMMwsp",TRUE,FALSE,0.376724539871912,"ablate_filter",4,5,2e+07,6e+07,5,39776151.5
8498,32,31,1,1720,0.0180232558139535,0.96875,0.03125,0.1,0.166474209329175,0,0,0,11,3726,0.997047772410091,"TMMwsp",TRUE,FALSE,1.74064279290758,"ctc_pipeline",5,1,1e+05,3e+05,5,147512
8498,32,31,1,1720,0.0180232558139535,0.96875,0.03125,0.1,0.166703994716781,0,0,0,11,3726,0.997047772410091,"TMMwsp",TRUE,FALSE,1.74064279290758,"fix_filter",5,1,1e+05,3e+05,5,147512
5771,33,33,0,1720,0.0191860465116279,1,0,0.1,0.159114476703212,0,0,0,11,3965,0.997225725094578,"TMMwsp",TRUE,FALSE,1.04770346709994,"ablate_filter",5,1,1e+05,3e+05,5,147512
11808,124,118,6,1720,0.0686046511627907,0.951612903225806,0.0483870967741935,0.1,0.246290202294068,0,0,0,52,3698,0.986208761492699,"TMMwsp",TRUE,FALSE,1.31811806534547,"ctc_pipeline",5,2,3e+05,9e+05,5,608533
11808,124,118,6,1720,0.0686046511627907,0.951612903225806,0.0483870967741935,0.1,0.246098608190094,0,0,0,52,3698,0.986208761492699,"TMMwsp",TRUE,FALSE,1.31811806534547,"fix_filter",5,2,3e+05,9e+05,5,608533
8076,134,126,8,1720,0.0732558139534884,0.940298507462687,0.0597014925373134,0.1,0.235596537946172,0,0,0,52,3992,0.986973947895792,"TMMwsp",TRUE,FALSE,0.832112290036807,"ablate_filter",5,2,3e+05,9e+05,5,608533
14410,181,167,14,1720,0.097093023255814,0.922651933701657,0.0773480662983425,0.1,0.30111940499287,0,0,0,103,3175,0.971023622047244,"TMMwsp",TRUE,FALSE,1.05828731547475,"ctc_pipeline",5,3,1e+06,3e+06,5,2183706.5
14410,181,167,14,1720,0.097093023255814,0.922651933701657,0.0773480662983425,0.1,0.30097298542282,0,0,0,103,3175,0.971023622047244,"TMMwsp",TRUE,FALSE,1.05828731547475,"fix_filter",5,3,1e+06,3e+06,5,2183706.5
10060,200,181,19,1720,0.105232558139535,0.905,0.095,0.1,0.285753440261404,0,0,0,103,3487,0.97046171494121,"TMMwsp",TRUE,FALSE,0.695488299126014,"ablate_filter",5,3,1e+06,3e+06,5,2183706.5
17493,414,388,26,1720,0.225581395348837,0.93719806763285,0.0628019323671498,0.1,0.486261064059976,0.191666666666667,0.0201005025125628,0,119,2281,0.98860149057431,"TMMwsp",TRUE,FALSE,0.682516001365276,"ctc_pipeline",5,4,5e+06,1.5e+07,5,9527480
17285,417,390,27,1720,0.226744186046512,0.935251798561151,0.0647482014388489,0.1,0.486315650293523,0.191666666666667,0.0201005025125628,0,119,2551,0.987847902783222,"TMMwsp",TRUE,FALSE,0.676408197340766,"fix_filter",5,4,5e+06,1.5e+07,5,9527480
13907,426,397,29,1720,0.230813953488372,0.931924882629108,0.068075117370892,0.1,0.466605135677571,0.183333333333333,0.0201005025125628,4,119,2850,0.965614035087719,"TMMwsp",TRUE,FALSE,0.514353831302677,"ablate_filter",5,4,5e+06,1.5e+07,5,9527480
18820,704,649,55,1720,0.377325581395349,0.921875,0.078125,0.1,0.607090498049826,0.991666666666667,0.0930232558139535,0,120,832,1,"TMMwsp",TRUE,FALSE,0.444226489581085,"ctc_pipeline",5,5,2e+07,6e+07,5,37305294.5
18468,707,651,56,1720,0.378488372093023,0.920792079207921,0.0792079207920792,0.1,0.606526077989355,0.991666666666667,0.0930232558139535,0,120,1853,1,"TMMwsp",TRUE,FALSE,0.433610836484222,"fix_filter",5,5,2e+07,6e+07,5,37305294.5
17123,717,656,61,1720,0.381395348837209,0.914923291492329,0.0850767085076709,0.1,0.599645430794119,0.991666666666667,0.0906976744186047,2,120,1974,0.998480243161094,"TMMwsp",TRUE,FALSE,0.385645200926547,"ablate_filter",5,5,2e+07,6e+07,5,37305294.5
8823,52,50,2,1720,0.0290697674418605,0.961538461538462,0.0384615384615385,0.1,0.181479682295702,0,0,0,20,3681,0.994566693833198,"TMMwsp",TRUE,FALSE,1.70414471821209,"ctc_pipeline",6,1,1e+05,3e+05,5,181697.5
8823,52,50,2,1720,0.0290697674418605,0.961538461538462,0.0384615384615385,0.1,0.181878092670999,0,0,0,20,3681,0.994566693833198,"TMMwsp",TRUE,FALSE,1.70414471821209,"fix_filter",6,1,1e+05,3e+05,5,181697.5
5970,59,57,2,1720,0.0331395348837209,0.966101694915254,0.0338983050847458,0.1,0.174657335997326,0,0,0,20,3884,0.994850669412976,"TMMwsp",TRUE,FALSE,1.04702023720383,"ablate_filter",6,1,1e+05,3e+05,5,181697.5
11682,114,109,5,1720,0.0633720930232558,0.956140350877193,0.043859649122807,0.1,0.231743106967457,0,0,0,49,3719,0.987362194138209,"TMMwsp",TRUE,FALSE,1.34115649138739,"ctc_pipeline",6,2,3e+05,9e+05,5,492339
11682,114,109,5,1720,0.0633720930232558,0.956140350877193,0.043859649122807,0.1,0.231915481245136,0,0,0,49,3719,0.987362194138209,"TMMwsp",TRUE,FALSE,1.34115649138739,"fix_filter",6,2,3e+05,9e+05,5,492339
7693,116,113,3,1720,0.0656976744186046,0.974137931034483,0.0258620689655172,0.1,0.219128923094707,0,0,0,49,4018,0.98780487804878,"TMMwsp",TRUE,FALSE,0.79615514342137,"ablate_filter",6,2,3e+05,9e+05,5,492339
14472,218,203,15,1720,0.118023255813953,0.931192660550459,0.0688073394495413,0.1,0.322881022639185,0,0.012531328320802,0,106,3285,0.973820395738204,"TMMwsp",TRUE,FALSE,1.02275841378136,"ctc_pipeline",6,3,1e+06,3e+06,5,2388839
14472,218,203,15,1720,0.118023255813953,0.931192660550459,0.0688073394495413,0.1,0.322651056868309,0,0.012531328320802,0,106,3285,0.973820395738204,"TMMwsp",TRUE,FALSE,1.02275841378136,"fix_filter",6,3,1e+06,3e+06,5,2388839
10554,221,208,13,1720,0.12093023255814,0.941176470588235,0.0588235294117647,0.1,0.301535620836165,0,0.012531328320802,0,106,3663,0.971061971061971,"TMMwsp",TRUE,FALSE,0.720259760208289,"ablate_filter",6,3,1e+06,3e+06,5,2388839
17487,379,358,21,1720,0.208139534883721,0.944591029023747,0.0554089709762533,0.1,0.492854135956563,0.141666666666667,0.00531914893617021,0,118,2088,0.98323754789272,"TMMwsp",TRUE,FALSE,0.655909845569343,"ctc_pipeline",6,4,5e+06,1.5e+07,5,8577906.5
17336,380,358,22,1720,0.208139534883721,0.942105263157895,0.0578947368421053,0.1,0.492766213975112,0.141666666666667,0.00531914893617021,0,118,2221,0.984241332733003,"TMMwsp",TRUE,FALSE,0.652346299676427,"fix_filter",6,4,5e+06,1.5e+07,5,8577906.5
13732,398,372,26,1720,0.216279069767442,0.934673366834171,0.0653266331658292,0.1,0.471328124782155,0.116666666666667,0.00531914893617021,7,118,2542,0.95712037765539,"TMMwsp",TRUE,FALSE,0.489432949117024,"ablate_filter",6,4,5e+06,1.5e+07,5,8577906.5
18725,709,647,62,1720,0.376162790697674,0.912552891396333,0.0874471086036671,0.1,0.6106662119463,1,0.0763723150357995,1,120,813,0.998769987699877,"TMMwsp",TRUE,FALSE,0.44694383680417,"ctc_pipeline",6,5,2e+07,6e+07,5,37806680
18347,712,648,64,1720,0.376744186046512,0.910112359550562,0.0898876404494382,0.1,0.610481478938888,1,0.0763723150357995,1,120,1822,0.999451152579583,"TMMwsp",TRUE,FALSE,0.435836726893016,"fix_filter",6,5,2e+07,6e+07,5,37806680
16988,720,654,66,1720,0.380232558139535,0.908333333333333,0.0916666666666667,0.1,0.603133997008383,1,0.0787589498806683,4,120,1949,0.997947665469472,"TMMwsp",TRUE,FALSE,0.388174715144878,"ablate_filter",6,5,2e+07,6e+07,5,37806680
9180,46,46,0,1720,0.0267441860465116,1,0,0.1,0.174209696719916,0,0,0,15,3849,0.996102883865939,"TMMwsp",TRUE,FALSE,1.66408582347929,"ctc_pipeline",7,1,1e+05,3e+05,5,195866.5
9180,46,46,0,1720,0.0267441860465116,1,0,0.1,0.175041106732492,0,0,0,15,3849,0.996102883865939,"TMMwsp",TRUE,FALSE,1.66408582347929,"fix_filter",7,1,1e+05,3e+05,5,195866.5
6193,52,52,0,1720,0.0302325581395349,1,0,0.1,0.164629404840018,0,0,0,15,4099,0.996340570870944,"TMMwsp",TRUE,FALSE,0.979377548068662,"ablate_filter",7,1,1e+05,3e+05,5,195866.5
11911,125,122,3,1720,0.0709302325581395,0.976,0.024,0.1,0.23668792550118,0,0,0,58,3834,0.985133020344288,"TMMwsp",TRUE,FALSE,1.36974299061546,"ctc_pipeline",7,2,3e+05,9e+05,5,578763
11911,125,122,3,1720,0.0709302325581395,0.976,0.024,0.1,0.236934351244002,0,0,0,58,3834,0.985133020344288,"TMMwsp",TRUE,FALSE,1.36974299061546,"fix_filter",7,2,3e+05,9e+05,5,578763
7950,127,125,2,1720,0.0726744186046512,0.984251968503937,0.015748031496063,0.1,0.228239624618455,0,0,0,58,4144,0.986003861003861,"TMMwsp",TRUE,FALSE,0.828198780696512,"ablate_filter",7,2,3e+05,9e+05,5,578763
14404,173,162,11,1720,0.0941860465116279,0.936416184971098,0.0635838150289017,0.1,0.282761411338423,0,0,0,80,3450,0.979130434782609,"TMMwsp",TRUE,FALSE,1.06256521648791,"ctc_pipeline",7,3,1e+06,3e+06,5,1576398.5
14404,173,162,11,1720,0.0941860465116279,0.936416184971098,0.0635838150289017,0.1,0.282958671369997,0,0,0,80,3450,0.979130434782609,"TMMwsp",TRUE,FALSE,1.06256521648791,"fix_filter",7,3,1e+06,3e+06,5,1576398.5
10032,191,176,15,1720,0.102325581395349,0.921465968586387,0.0785340314136126,0.1,0.269039112404031,0,0,0,80,3770,0.978779840848806,"TMMwsp",TRUE,FALSE,0.68550550932529,"ablate_filter",7,3,1e+06,3e+06,5,1576398.5
17741,327,316,11,1720,0.183720930232558,0.966360856269113,0.0336391437308868,0.1,0.472563553737119,0.116666666666667,0.0125944584382872,0,120,2350,0.993191489361702,"TMMwsp",TRUE,FALSE,0.678362533644931,"ctc_pipeline",7,4,5e+06,1.5e+07,5,11864064.5
17456,332,320,12,1720,0.186046511627907,0.963855421686747,0.036144578313253,0.1,0.472679973712127,0.125,0.0125944584382872,0,120,2713,0.99152230003686,"TMMwsp",TRUE,FALSE,0.669810801395077,"fix_filter",7,4,5e+06,1.5e+07,5,11864064.5
14251,339,323,16,1720,0.187790697674419,0.952802359882006,0.0471976401179941,0.1,0.450458202516941,0.125,0.0125944584382872,2,120,2997,0.970303636970304,"TMMwsp",TRUE,FALSE,0.513060192356189,"ablate_filter",7,4,5e+06,1.5e+07,5,11864064.5
18806,694,651,43,1720,0.378488372093023,0.938040345821326,0.0619596541786743,0.1,0.616224616281739,1,0.084788029925187,0,120,823,1,"TMMwsp",TRUE,FALSE,0.436558582584244,"ctc_pipeline",7,5,2e+07,6e+07,5,38454141.5
18434,698,654,44,1720,0.380232558139535,0.936962750716332,0.0630372492836676,0.1,0.615157951838243,1,0.084788029925187,0,120,1841,1,"TMMwsp",TRUE,FALSE,0.426337596080432,"fix_filter",7,5,2e+07,6e+07,5,38454141.5
17191,719,665,54,1720,0.386627906976744,0.924895688456189,0.0751043115438109,0.1,0.60995656729515,1,0.087281795511222,2,120,1988,0.998993963782696,"TMMwsp",TRUE,FALSE,0.381512417149178,"ablate_filter",7,5,2e+07,6e+07,5,38454141.5
8451,49,47,2,1720,0.0273255813953488,0.959183673469388,0.0408163265306122,0.1,0.166128760720836,0,0,0,12,3696,0.996753246753247,"TMMwsp",TRUE,FALSE,1.79482364929738,"ctc_pipeline",8,1,1e+05,3e+05,5,192687
8451,49,47,2,1720,0.0273255813953488,0.959183673469388,0.0408163265306122,0.1,0.166890164682757,0,0,0,12,3696,0.996753246753247,"TMMwsp",TRUE,FALSE,1.79482364929738,"fix_filter",8,1,1e+05,3e+05,5,192687
5755,51,50,1,1720,0.0290697674418605,0.980392156862745,0.0196078431372549,0.1,0.165703007240374,0,0,0,12,3942,0.996955859969559,"TMMwsp",TRUE,FALSE,1.0938564957229,"ablate_filter",8,1,1e+05,3e+05,5,192687
11337,86,86,0,1720,0.05,1,0,0.1,0.229241698623438,0,0,0,46,3743,0.987977558108469,"TMMwsp",TRUE,FALSE,1.37148726550987,"ctc_pipeline",8,2,3e+05,9e+05,5,566120
11337,86,86,0,1720,0.05,1,0,0.1,0.229089491452109,0,0,0,46,3743,0.987977558108469,"TMMwsp",TRUE,FALSE,1.37148726550987,"fix_filter",8,2,3e+05,9e+05,5,566120
7660,97,97,0,1720,0.0563953488372093,1,0,0.1,0.220298337977013,0,0,0,46,4019,0.9885543667579,"TMMwsp",TRUE,FALSE,0.854119794619056,"ablate_filter",8,2,3e+05,9e+05,5,566120
14052,193,185,8,1720,0.107558139534884,0.958549222797927,0.0414507772020725,0.1,0.305887794899839,0,0,0,94,3369,0.978628673196794,"TMMwsp",TRUE,FALSE,1.05268568964568,"ctc_pipeline",8,3,1e+06,3e+06,5,2495191
14052,193,185,8,1720,0.107558139534884,0.958549222797927,0.0414507772020725,0.1,0.305639149187371,0,0,0,94,3369,0.978628673196794,"TMMwsp",TRUE,FALSE,1.05268568964568,"fix_filter",8,3,1e+06,3e+06,5,2495191
9916,197,188,9,1720,0.109302325581395,0.954314720812183,0.0456852791878173,0.1,0.290248782885449,0,0,0,94,3699,0.974587726412544,"TMMwsp",TRUE,FALSE,0.702402265964148,"ablate_filter",8,3,1e+06,3e+06,5,2495191
17800,429,398,31,1720,0.231395348837209,0.927738927738928,0.0722610722610723,0.1,0.495176684307917,0.15,0.0077120822622108,0,118,2051,0.986835689907362,"TMMwsp",TRUE,FALSE,0.63637921632435,"ctc_pipeline",8,4,5e+06,1.5e+07,5,10313736.5
17607,431,400,31,1720,0.232558139534884,0.928074245939675,0.0719257540603248,0.1,0.494971403568889,0.158333333333333,0.0077120822622108,0,118,2295,0.987799564270152,"TMMwsp",TRUE,FALSE,0.63129635638398,"fix_filter",8,4,5e+06,1.5e+07,5,10313736.5
14212,449,411,38,1720,0.238953488372093,0.915367483296214,0.0846325167037862,0.1,0.472519775263287,0.133333333333333,0.0077120822622108,4,118,2594,0.96029298380879,"TMMwsp",TRUE,FALSE,0.479009174799414,"ablate_filter",8,4,5e+06,1.5e+07,5,10313736.5
18738,665,619,46,1720,0.359883720930233,0.930827067669173,0.0691729323308271,0.1,0.604214265529406,0.983333333333333,0.0585241730279898,0,120,866,1,"TMMwsp",TRUE,FALSE,0.460531692657617,"ctc_pipeline",8,5,2e+07,6e+07,5,33560198.5
18355,670,623,47,1720,0.362209302325581,0.929850746268657,0.0701492537313433,0.1,0.604039352402343,0.983333333333333,0.0585241730279898,0,120,1771,1,"TMMwsp",TRUE,FALSE,0.448189116721305,"fix_filter",8,5,2e+07,6e+07,5,33560198.5
16845,689,634,55,1720,0.368604651162791,0.920174165457184,0.0798258345428157,0.1,0.596640340681249,0.983333333333333,0.0585241730279898,5,120,1911,0.996860282574568,"TMMwsp",TRUE,FALSE,0.394373076409054,"ablate_filter",8,5,2e+07,6e+07,5,33560198.5
6879,30,30,0,1720,0.0174418604651163,1,0,0.1,0.148818955298465,0,0,0,18,3480,0.994827586206897,"TMMwsp",TRUE,FALSE,1.95761571182757,"ctc_pipeline",9,1,1e+05,3e+05,5,160036.5
6879,30,30,0,1720,0.0174418604651163,1,0,0.1,0.148638925348113,0,0,0,18,3480,0.994827586206897,"TMMwsp",TRUE,FALSE,1.95761571182757,"fix_filter",9,1,1e+05,3e+05,5,160036.5
4741,32,31,1,1720,0.0180232558139535,0.96875,0.03125,0.1,0.143891509624981,0,0,0,18,3644,0.995060373216246,"TMMwsp",TRUE,FALSE,1.21532309800838,"ablate_filter",9,1,1e+05,3e+05,5,160036.5
11755,113,108,5,1720,0.0627906976744186,0.955752212389381,0.0442477876106195,0.1,0.236204386058082,0,0,0,42,3736,0.988758029978587,"TMMwsp",TRUE,FALSE,1.37546105859363,"ctc_pipeline",9,2,3e+05,9e+05,5,517564.5
11755,113,108,5,1720,0.0627906976744186,0.955752212389381,0.0442477876106195,0.1,0.23664266305969,0,0,0,42,3736,0.988758029978587,"TMMwsp",TRUE,FALSE,1.37546105859363,"fix_filter",9,2,3e+05,9e+05,5,517564.5
7830,121,115,6,1720,0.0668604651162791,0.950413223140496,0.0495867768595041,0.1,0.226788601668014,0,0,0,42,4011,0.989528795811518,"TMMwsp",TRUE,FALSE,0.830313119640157,"ablate_filter",9,2,3e+05,9e+05,5,517564.5
14373,218,211,7,1720,0.122674418604651,0.967889908256881,0.0321100917431193,0.1,0.329623790935224,0,0,0,96,3214,0.973553204729309,"TMMwsp",TRUE,FALSE,1.05519169672529,"ctc_pipeline",9,3,1e+06,3e+06,5,1804852.5
14373,218,211,7,1720,0.122674418604651,0.967889908256881,0.0321100917431193,0.1,0.329935917630219,0,0,0,96,3214,0.973553204729309,"TMMwsp",TRUE,FALSE,1.05519169672529,"fix_filter",9,3,1e+06,3e+06,5,1804852.5
9803,237,229,8,1720,0.133139534883721,0.966244725738397,0.0337552742616034,0.1,0.316023641723925,0,0,0,96,3517,0.972704009098664,"TMMwsp",TRUE,FALSE,0.667067339693308,"ablate_filter",9,3,1e+06,3e+06,5,1804852.5
17629,391,374,17,1720,0.217441860465116,0.956521739130435,0.0434782608695652,0.1,0.483673963046622,0.191666666666667,0.0163170163170163,1,120,2231,0.990138951142985,"TMMwsp",TRUE,FALSE,0.653152081763854,"ctc_pipeline",9,4,5e+06,1.5e+07,5,10948584
17373,393,376,17,1720,0.218604651162791,0.956743002544529,0.0432569974554707,0.1,0.483774002460824,0.191666666666667,0.0163170163170163,1,120,2535,0.989349112426036,"TMMwsp",TRUE,FALSE,0.645357902928169,"fix_filter",9,4,5e+06,1.5e+07,5,10948584
14123,403,384,19,1720,0.223255813953488,0.952853598014888,0.0471464019851117,0.1,0.474667587130509,0.2,0.0163170163170163,8,120,2861,0.964348130024467,"TMMwsp",TRUE,FALSE,0.492675078667077,"ablate_filter",9,4,5e+06,1.5e+07,5,10948584
18883,755,687,68,1720,0.399418604651163,0.909933774834437,0.0900662251655629,0.1,0.620938065031956,0.991666666666667,0.0723981900452489,0,120,712,1,"TMMwsp",TRUE,FALSE,0.421910635072428,"ctc_pipeline",9,5,2e+07,6e+07,5,40251109.5
18501,765,694,71,1720,0.403488372093023,0.90718954248366,0.0928104575163399,0.1,0.62064278524664,0.991666666666667,0.0746606334841629,0,120,1737,0.999424294761082,"TMMwsp",TRUE,FALSE,0.41067522122048,"fix_filter",9,5,2e+07,6e+07,5,40251109.5
17379,779,702,77,1720,0.408139534883721,0.901155327342747,0.0988446726572529,0.1,0.61535874569071,1,0.0746606334841629,3,120,1867,0.998393144081414,"TMMwsp",TRUE,FALSE,0.372812931985018,"ablate_filter",9,5,2e+07,6e+07,5,40251109.5
9348,45,43,2,1720,0.025,0.955555555555556,0.0444444444444444,0.1,0.17867943686203,0,0,0,20,3792,0.994725738396624,"TMMwsp",TRUE,FALSE,1.62926184040089,"ctc_pipeline",10,1,1e+05,3e+05,5,223177.5
9348,45,43,2,1720,0.025,0.955555555555556,0.0444444444444444,0.1,0.178089812324866,0,0,0,20,3792,0.994725738396624,"TMMwsp",TRUE,FALSE,1.62926184040089,"fix_filter",10,1,1e+05,3e+05,5,223177.5
6363,46,43,3,1720,0.025,0.934782608695652,0.0652173913043478,0.1,0.159284685905364,0,0,0,20,4026,0.995032290114257,"TMMwsp",TRUE,FALSE,1.00471584431425,"ablate_filter",10,1,1e+05,3e+05,5,223177.5
11714,117,115,2,1720,0.0668604651162791,0.982905982905983,0.0170940170940171,0.1,0.237228107991086,0,0,0,51,3775,0.987284768211921,"TMMwsp",TRUE,FALSE,1.38458564640266,"ctc_pipeline",10,2,3e+05,9e+05,5,480830
11714,117,115,2,1720,0.0668604651162791,0.982905982905983,0.0170940170940171,0.1,0.237121336331129,0,0,0,51,3775,0.987284768211921,"TMMwsp",TRUE,FALSE,1.38458564640266,"fix_filter",10,2,3e+05,9e+05,5,480830
7719,126,121,5,1720,0.0703488372093023,0.96031746031746,0.0396825396825397,0.1,0.224988751085272,0,0,0,51,4073,0.98747851706359,"TMMwsp",TRUE,FALSE,0.832924141902469,"ablate_filter",10,2,3e+05,9e+05,5,480830
14603,188,176,12,1720,0.102325581395349,0.936170212765957,0.0638297872340425,0.1,0.329600676753893,0,0,0,87,3184,0.977072864321608,"TMMwsp",TRUE,FALSE,1.05496210744316,"ctc_pipeline",10,3,1e+06,3e+06,5,2392421
14603,188,176,12,1720,0.102325581395349,0.936170212765957,0.0638297872340425,0.1,0.329601456553559,0,0,0,87,3184,0.977072864321608,"TMMwsp",TRUE,FALSE,1.05496210744316,"fix_filter",10,3,1e+06,3e+06,5,2392421
10203,199,186,13,1720,0.108139534883721,0.934673366834171,0.0653266331658292,0.1,0.312149666683642,0,0,0,87,3515,0.97524893314367,"TMMwsp",TRUE,FALSE,0.682345158024124,"ablate_filter",10,3,1e+06,3e+06,5,2392421
17750,381,357,24,1720,0.207558139534884,0.937007874015748,0.062992125984252,0.1,0.478377115490658,0.0666666666666667,0.0291970802919708,1,119,2206,0.989573889392566,"TMMwsp",TRUE,FALSE,0.658962472228496,"ctc_pipeline",10,4,5e+06,1.5e+07,5,8944137
17537,383,358,25,1720,0.208139534883721,0.934725848563969,0.0652741514360313,0.1,0.478427087436776,0.0666666666666667,0.0291970802919708,1,119,2466,0.988240064882401,"TMMwsp",TRUE,FALSE,0.653205158876795,"fix_filter",10,4,5e+06,1.5e+07,5,8944137
14182,392,359,33,1720,0.208720930232558,0.915816326530612,0.0841836734693878,0.1,0.461005355189081,0.0666666666666667,0.0267639902676399,3,119,2834,0.964008468595625,"TMMwsp",TRUE,FALSE,0.50146792143372,"ablate_filter",10,4,5e+06,1.5e+07,5,8944137
18663,661,607,54,1720,0.352906976744186,0.918305597579425,0.0816944024205749,0.1,0.598880986688538,0.983333333333333,0.06,0,120,967,1,"TMMwsp",TRUE,FALSE,0.468666885647841,"ctc_pipeline",10,5,2e+07,6e+07,5,32332181.5
18281,668,612,56,1720,0.355813953488372,0.916167664670659,0.0838323353293413,0.1,0.598825561578951,0.983333333333333,0.06,0,120,1963,1,"TMMwsp",TRUE,FALSE,0.456548911817001,"fix_filter",10,5,2e+07,6e+07,5,32332181.5
16613,697,630,67,1720,0.366279069767442,0.903873744619799,0.0961262553802009,0.1,0.592495470083897,0.983333333333333,0.06,5,120,2123,0.996702779086199,"TMMwsp",TRUE,FALSE,0.395899719689118,"ablate_filter",10,5,2e+07,6e+07,5,32332181.5
8880,65,62,3,1720,0.036046511627907,0.953846153846154,0.0461538461538462,0.1,0.178463693036574,0,0,0,19,3766,0.994954859267127,"TMMwsp",TRUE,FALSE,1.67376909485486,"ctc_pipeline",11,1,1e+05,3e+05,5,200608.5
8880,65,62,3,1720,0.036046511627907,0.953846153846154,0.0461538461538462,0.1,0.178570161099664,0,0,0,19,3766,0.994954859267127,"TMMwsp",TRUE,FALSE,1.67376909485486,"fix_filter",11,1,1e+05,3e+05,5,200608.5
6088,77,72,5,1720,0.0418604651162791,0.935064935064935,0.0649350649350649,0.1,0.172994232571164,0,0,0,19,4002,0.995252373813094,"TMMwsp",TRUE,FALSE,1.02485348453318,"ablate_filter",11,1,1e+05,3e+05,5,200608.5
12012,96,93,3,1720,0.0540697674418605,0.96875,0.03125,0.1,0.224290456640636,0,0,0,49,3694,0.987547374120195,"TMMwsp",TRUE,FALSE,1.33025217507614,"ctc_pipeline",11,2,3e+05,9e+05,5,590501.5
12012,96,93,3,1720,0.0540697674418605,0.96875,0.03125,0.1,0.224163286824954,0,0,0,49,3694,0.987547374120195,"TMMwsp",TRUE,FALSE,1.33025217507614,"fix_filter",11,2,3e+05,9e+05,5,590501.5
8086,109,102,7,1720,0.0593023255813954,0.935779816513762,0.0642201834862385,0.1,0.211896191866815,0,0,0,49,3977,0.987679155142067,"TMMwsp",TRUE,FALSE,0.829595493652006,"ablate_filter",11,2,3e+05,9e+05,5,590501.5
14134,167,162,5,1720,0.0941860465116279,0.970059880239521,0.029940119760479,0.1,0.287621596496122,0,0,0,97,3307,0.973994557000302,"TMMwsp",TRUE,FALSE,1.10674903182129,"ctc_pipeline",11,3,1e+06,3e+06,5,2125176
14134,167,162,5,1720,0.0941860465116279,0.970059880239521,0.029940119760479,0.1,0.287607084420764,0,0,0,97,3307,0.973994557000302,"TMMwsp",TRUE,FALSE,1.10674903182129,"fix_filter",11,3,1e+06,3e+06,5,2125176
9687,184,176,8,1720,0.102325581395349,0.956521739130435,0.0434782608695652,0.1,0.278346944297709,0,0,0,97,3611,0.973137635004154,"TMMwsp",TRUE,FALSE,0.707694163940858,"ablate_filter",11,3,1e+06,3e+06,5,2125176
17516,382,350,32,1720,0.203488372093023,0.916230366492147,0.0837696335078534,0.1,0.467314999401941,0.108333333333333,0.0177664974619289,0,116,2305,0.980043383947939,"TMMwsp",TRUE,FALSE,0.685618831701631,"ctc_pipeline",11,4,5e+06,1.5e+07,5,7596682
17320,384,351,33,1720,0.20406976744186,0.9140625,0.0859375,0.1,0.467364936950995,0.108333333333333,0.0177664974619289,0,116,2500,0.9808,"TMMwsp",TRUE,FALSE,0.679727922592496,"fix_filter",11,4,5e+06,1.5e+07,5,7596682
13322,406,365,41,1720,0.212209302325581,0.899014778325123,0.100985221674877,0.1,0.440699880948899,0.0916666666666667,0.0177664974619289,10,116,2815,0.959147424511545,"TMMwsp",TRUE,FALSE,0.484462497415111,"ablate_filter",11,4,5e+06,1.5e+07,5,7596682
18574,679,638,41,1720,0.37093023255814,0.939617083946981,0.0603829160530191,0.1,0.608197135104185,0.991666666666667,0.0673316708229426,0,120,790,0.99873417721519,"TMMwsp",TRUE,FALSE,0.462532723239856,"ctc_pipeline",11,5,2e+07,6e+07,5,42707191
18118,690,645,45,1720,0.375,0.934782608695652,0.0652173913043478,0.1,0.60743837159162,0.991666666666667,0.0698254364089776,0,120,1990,0.999497487437186,"TMMwsp",TRUE,FALSE,0.447463878910655,"fix_filter",11,5,2e+07,6e+07,5,42707191
16957,703,653,50,1720,0.379651162790698,0.928876244665718,0.0711237553342817,0.1,0.601940933481332,0.991666666666667,0.0723192019950125,1,120,2104,0.999049429657795,"TMMwsp",TRUE,FALSE,0.40210294232924,"ablate_filter",11,5,2e+07,6e+07,5,42707191
8525,55,54,1,1720,0.0313953488372093,0.981818181818182,0.0181818181818182,0.1,0.180757498952485,0,0,0,13,3711,0.996496901104823,"TMMwsp",TRUE,FALSE,1.70773809977963,"ctc_pipeline",12,1,1e+05,3e+05,5,151078.5
8525,55,54,1,1720,0.0313953488372093,0.981818181818182,0.0181818181818182,0.1,0.180102415497404,0,0,0,13,3711,0.996496901104823,"TMMwsp",TRUE,FALSE,1.70773809977963,"fix_filter",12,1,1e+05,3e+05,5,151078.5
5693,58,57,1,1720,0.0331395348837209,0.982758620689655,0.0172413793103448,0.1,0.169465784419624,0,0,0,13,3948,0.996707193515704,"TMMwsp",TRUE,FALSE,0.988545450736457,"ablate_filter",12,1,1e+05,3e+05,5,151078.5
11136,88,84,4,1720,0.0488372093023256,0.954545454545455,0.0454545454545455,0.1,0.215746201712396,0,0,0,59,3787,0.984420385529443,"TMMwsp",TRUE,FALSE,1.49208442987683,"ctc_pipeline",12,2,3e+05,9e+05,5,573230
11136,88,84,4,1720,0.0488372093023256,0.954545454545455,0.0454545454545455,0.1,0.215746552768811,0,0,0,59,3787,0.984420385529443,"TMMwsp",TRUE,FALSE,1.49208442987683,"fix_filter",12,2,3e+05,9e+05,5,573230
7502,95,89,6,1720,0.0517441860465116,0.936842105263158,0.0631578947368421,0.1,0.204580729569348,0,0,0,59,4046,0.985417696490361,"TMMwsp",TRUE,FALSE,0.93424824662866,"ablate_filter",12,2,3e+05,9e+05,5,573230
14364,208,202,6,1720,0.117441860465116,0.971153846153846,0.0288461538461538,0.1,0.321518177799132,0,0.00491400491400491,0,94,3169,0.975386557273588,"TMMwsp",TRUE,FALSE,1.03642332052665,"ctc_pipeline",12,3,1e+06,3e+06,5,1785311
14364,208,202,6,1720,0.117441860465116,0.971153846153846,0.0288461538461538,0.1,0.32154808099901,0,0.00491400491400491,0,94,3169,0.975386557273588,"TMMwsp",TRUE,FALSE,1.03642332052665,"fix_filter",12,3,1e+06,3e+06,5,1785311
9991,211,205,6,1720,0.119186046511628,0.971563981042654,0.028436018957346,0.1,0.309213121755124,0,0.00491400491400491,0,94,3475,0.97294964028777,"TMMwsp",TRUE,FALSE,0.672963039356265,"ablate_filter",12,3,1e+06,3e+06,5,1785311
17720,444,419,25,1720,0.243604651162791,0.943693693693694,0.0563063063063063,0.1,0.510051895257671,0.25,0.0276381909547739,0,119,2038,0.990186457311089,"TMMwsp",TRUE,FALSE,0.631207010845406,"ctc_pipeline",12,4,5e+06,1.5e+07,5,10134290.5
17491,449,422,27,1720,0.245348837209302,0.939866369710468,0.0601336302895323,0.1,0.510204943355514,0.266666666666667,0.0276381909547739,0,119,2274,0.989445910290237,"TMMwsp",TRUE,FALSE,0.624951467724915,"fix_filter",12,4,5e+06,1.5e+07,5,10134290.5
14239,482,446,36,1720,0.259302325581395,0.925311203319502,0.0746887966804979,0.1,0.496532613403431,0.258333333333333,0.0276381909547739,14,119,2570,0.962645914396887,"TMMwsp",TRUE,FALSE,0.479444314459273,"ablate_filter",12,4,5e+06,1.5e+07,5,10134290.5
18621,697,654,43,1720,0.380232558139535,0.938307030129125,0.0616929698708752,0.1,0.612481894132762,0.991666666666667,0.0776942355889724,0,120,965,1,"TMMwsp",TRUE,FALSE,0.462296626148314,"ctc_pipeline",12,5,2e+07,6e+07,5,36587039
18204,704,656,48,1720,0.381395348837209,0.931818181818182,0.0681818181818182,0.1,0.612597469306345,0.991666666666667,0.0802005012531328,0,120,1969,1,"TMMwsp",TRUE,FALSE,0.449099007327576,"fix_filter",12,5,2e+07,6e+07,5,36587039
16838,714,663,51,1720,0.38546511627907,0.928571428571429,0.0714285714285714,0.1,0.607358890754213,0.991666666666667,0.0802005012531328,1,120,2122,0.999057492931197,"TMMwsp",TRUE,FALSE,0.399177183965248,"ablate_filter",12,5,2e+07,6e+07,5,36587039
8118,41,39,2,1720,0.0226744186046512,0.951219512195122,0.048780487804878,0.1,0.165596494399105,0,0,0,15,3726,0.99597423510467,"TMMwsp",TRUE,FALSE,1.82173117347116,"ctc_pipeline",13,1,1e+05,3e+05,5,197359.5
8118,41,39,2,1720,0.0226744186046512,0.951219512195122,0.048780487804878,0.1,0.165456878351761,0,0,0,15,3726,0.99597423510467,"TMMwsp",TRUE,FALSE,1.82173117347116,"fix_filter",13,1,1e+05,3e+05,5,197359.5
5619,46,43,3,1720,0.025,0.934782608695652,0.0652173913043478,0.1,0.162401873698743,0,0,0,15,3951,0.996203492786636,"TMMwsp",TRUE,FALSE,1.11138223160627,"ablate_filter",13,1,1e+05,3e+05,5,197359.5
10860,78,78,0,1720,0.0453488372093023,1,0,0.1,0.220781988726443,0,0,0,51,3817,0.986900707361802,"TMMwsp",TRUE,FALSE,1.44802143543267,"ctc_pipeline",13,2,3e+05,9e+05,5,648231
10860,78,78,0,1720,0.0453488372093023,1,0,0.1,0.221296599942711,0,0,0,51,3817,0.986900707361802,"TMMwsp",TRUE,FALSE,1.44802143543267,"fix_filter",13,2,3e+05,9e+05,5,648231
7382,90,89,1,1720,0.0517441860465116,0.988888888888889,0.0111111111111111,0.1,0.213889070879087,0,0,0,51,4071,0.987472365512159,"TMMwsp",TRUE,FALSE,0.916310323546261,"ablate_filter",13,2,3e+05,9e+05,5,648231
13917,164,158,6,1720,0.0918604651162791,0.963414634146341,0.0365853658536585,0.1,0.291101251280324,0,0,0,74,3430,0.981049562682216,"TMMwsp",TRUE,FALSE,1.08769668055426,"ctc_pipeline",13,3,1e+06,3e+06,5,1563604
13917,164,158,6,1720,0.0918604651162791,0.963414634146341,0.0365853658536585,0.1,0.291140947621571,0,0,0,74,3430,0.981049562682216,"TMMwsp",TRUE,FALSE,1.08769668055426,"fix_filter",13,3,1e+06,3e+06,5,1563604
9370,177,168,9,1720,0.0976744186046512,0.949152542372881,0.0508474576271186,0.1,0.272742751186985,0,0,0,74,3782,0.980433632998414,"TMMwsp",TRUE,FALSE,0.670987013379494,"ablate_filter",13,3,1e+06,3e+06,5,1563604
17640,410,388,22,1720,0.225581395348837,0.946341463414634,0.0536585365853659,0.1,0.501143744805205,0.183333333333333,0.0131233595800525,1,119,2171,0.986181483187471,"TMMwsp",TRUE,FALSE,0.675930461286626,"ctc_pipeline",13,4,5e+06,1.5e+07,5,10255434.5
17408,414,391,23,1720,0.227325581395349,0.944444444444444,0.0555555555555556,0.1,0.501360576453498,0.191666666666667,0.0131233595800525,2,119,2446,0.986099754701554,"TMMwsp",TRUE,FALSE,0.669037113598087,"fix_filter",13,4,5e+06,1.5e+07,5,10255434.5
14004,423,396,27,1720,0.230232558139535,0.936170212765957,0.0638297872340425,0.1,0.485222297169724,0.183333333333333,0.0131233595800525,7,119,2730,0.964468864468864,"TMMwsp",TRUE,FALSE,0.507293324501843,"ablate_filter",13,4,5e+06,1.5e+07,5,10255434.5
18751,686,641,45,1720,0.372674418604651,0.934402332361516,0.065597667638484,0.1,0.606414942602199,0.991666666666667,0.0681265206812652,0,120,783,1,"TMMwsp",TRUE,FALSE,0.447985721212918,"ctc_pipeline",13,5,2e+07,6e+07,5,43376215.5
18376,688,643,45,1720,0.373837209302326,0.934593023255814,0.065406976744186,0.1,0.606322805586398,0.991666666666667,0.0681265206812652,0,120,1889,1,"TMMwsp",TRUE,FALSE,0.435736318278515,"fix_filter",13,5,2e+07,6e+07,5,43376215.5
17305,701,652,49,1720,0.37906976744186,0.930099857346648,0.0699001426533524,0.1,0.599658607671947,1,0.0705596107055961,3,120,2015,0.998511166253102,"TMMwsp",TRUE,FALSE,0.396621683942637,"ablate_filter",13,5,2e+07,6e+07,5,43376215.5
8523,49,48,1,1720,0.027906976744186,0.979591836734694,0.0204081632653061,0.1,0.174189098986341,0,0,0,14,3707,0.996223361208524,"TMMwsp",TRUE,FALSE,1.7585471699787,"ctc_pipeline",14,1,1e+05,3e+05,5,185162
8523,49,48,1,1720,0.027906976744186,0.979591836734694,0.0204081632653061,0.1,0.17349005312056,0,0,0,14,3707,0.996223361208524,"TMMwsp",TRUE,FALSE,1.7585471699787,"fix_filter",14,1,1e+05,3e+05,5,185162
5806,56,55,1,1720,0.0319767441860465,0.982142857142857,0.0178571428571429,0.1,0.168551625581299,0,0,0,14,3928,0.996435845213849,"TMMwsp",TRUE,FALSE,1.09120329334732,"ablate_filter",14,1,1e+05,3e+05,5,185162
11593,96,95,1,1720,0.0552325581395349,0.989583333333333,0.0104166666666667,0.1,0.228899596507481,0,0,0,49,3771,0.987271280827367,"TMMwsp",TRUE,FALSE,1.34519269233713,"ctc_pipeline",14,2,3e+05,9e+05,5,537941
11593,96,95,1,1720,0.0552325581395349,0.989583333333333,0.0104166666666667,0.1,0.228084092738022,0,0,0,49,3771,0.987271280827367,"TMMwsp",TRUE,FALSE,1.34519269233713,"fix_filter",14,2,3e+05,9e+05,5,537941
7723,106,104,2,1720,0.0604651162790698,0.981132075471698,0.0188679245283019,0.1,0.22014021854591,0,0,0,49,4062,0.98793697685869,"TMMwsp",TRUE,FALSE,0.799166074727375,"ablate_filter",14,2,3e+05,9e+05,5,537941
14796,211,202,9,1720,0.117441860465116,0.957345971563981,0.042654028436019,0.1,0.332007747314091,0,0.00245098039215686,0,101,3132,0.973818646232439,"TMMwsp",TRUE,FALSE,1.00374590709005,"ctc_pipeline",14,3,1e+06,3e+06,5,2150947
14796,211,202,9,1720,0.117441860465116,0.957345971563981,0.042654028436019,0.1,0.332070877048493,0,0.00245098039215686,0,101,3132,0.973818646232439,"TMMwsp",TRUE,FALSE,1.00374590709005,"fix_filter",14,3,1e+06,3e+06,5,2150947
10605,223,209,14,1720,0.121511627906977,0.937219730941704,0.062780269058296,0.1,0.312844381173693,0,0.00245098039215686,0,101,3449,0.970716149608582,"TMMwsp",TRUE,FALSE,0.684532317923457,"ablate_filter",14,3,1e+06,3e+06,5,2150947
17393,421,397,24,1720,0.230813953488372,0.942992874109264,0.0570071258907363,0.1,0.492934186225001,0.05,0.00797872340425532,0,119,1940,0.979896907216495,"TMMwsp",TRUE,FALSE,0.654492260762931,"ctc_pipeline",14,4,5e+06,1.5e+07,5,7110389
17393,421,397,24,1720,0.230813953488372,0.942992874109264,0.0570071258907363,0.1,0.492915452247601,0.05,0.00797872340425532,0,119,1940,0.979896907216495,"TMMwsp",TRUE,FALSE,0.654492260762931,"fix_filter",14,4,5e+06,1.5e+07,5,7110389
13241,440,409,31,1720,0.237790697674419,0.929545454545455,0.0704545454545455,0.1,0.475535533381889,0.05,0.00797872340425532,1,119,2266,0.950573698146514,"TMMwsp",TRUE,FALSE,0.471358498146014,"ablate_filter",14,4,5e+06,1.5e+07,5,7110389
18546,701,642,59,1720,0.373255813953488,0.91583452211127,0.0841654778887304,0.1,0.596115257700617,0.991666666666667,0.043010752688172,0,120,885,1,"TMMwsp",TRUE,FALSE,0.468209086313744,"ctc_pipeline",14,5,2e+07,6e+07,5,31744219.5
18143,706,647,59,1720,0.376162790697674,0.91643059490085,0.0835694050991501,0.1,0.595331885887644,0.991666666666667,0.043010752688172,0,120,1936,1,"TMMwsp",TRUE,FALSE,0.456294352607786,"fix_filter",14,5,2e+07,6e+07,5,31744219.5
16459,716,654,62,1720,0.380232558139535,0.91340782122905,0.0865921787709497,0.1,0.5899242354906,0.991666666666667,0.043010752688172,5,120,2066,0.997095837366893,"TMMwsp",TRUE,FALSE,0.392276143585273,"ablate_filter",14,5,2e+07,6e+07,5,31744219.5
8754,35,33,2,1720,0.0191860465116279,0.942857142857143,0.0571428571428571,0.1,0.167607244060639,0,0,0,16,3751,0.995734470807785,"TMMwsp",TRUE,FALSE,1.73534494512702,"ctc_pipeline",15,1,1e+05,3e+05,5,155474
8754,35,33,2,1720,0.0191860465116279,0.942857142857143,0.0571428571428571,0.1,0.167957494062079,0,0,0,16,3751,0.995734470807785,"TMMwsp",TRUE,FALSE,1.73534494512702,"fix_filter",15,1,1e+05,3e+05,5,155474
5886,42,39,3,1720,0.0226744186046512,0.928571428571429,0.0714285714285714,0.1,0.165421804844247,0,0,0,16,3979,0.995978889168133,"TMMwsp",TRUE,FALSE,1.07640190550504,"ablate_filter",15,1,1e+05,3e+05,5,155474
11010,93,89,4,1720,0.0517441860465116,0.956989247311828,0.043010752688172,0.1,0.217007077841766,0,0,0,36,3770,0.990450928381963,"TMMwsp",TRUE,FALSE,1.38095658044888,"ctc_pipeline",15,2,3e+05,9e+05,5,536948.5
11010,93,89,4,1720,0.0517441860465116,0.956989247311828,0.043010752688172,0.1,0.2168964643864,0,0,0,36,3770,0.990450928381963,"TMMwsp",TRUE,FALSE,1.38095658044888,"fix_filter",15,2,3e+05,9e+05,5,536948.5
7373,108,100,8,1720,0.0581395348837209,0.925925925925926,0.0740740740740741,0.1,0.203321412641377,0,0,0,36,4030,0.99106699751861,"TMMwsp",TRUE,FALSE,0.842032733526554,"ablate_filter",15,2,3e+05,9e+05,5,536948.5
14120,170,164,6,1720,0.0953488372093023,0.964705882352941,0.0352941176470588,0.1,0.304512862278418,0,0,0,82,3328,0.978365384615385,"TMMwsp",TRUE,FALSE,1.09981503532534,"ctc_pipeline",15,3,1e+06,3e+06,5,2017308
14120,170,164,6,1720,0.0953488372093023,0.964705882352941,0.0352941176470588,0.1,0.304399350719597,0,0,0,82,3328,0.978365384615385,"TMMwsp",TRUE,FALSE,1.09981503532534,"fix_filter",15,3,1e+06,3e+06,5,2017308
9743,183,173,10,1720,0.100581395348837,0.945355191256831,0.0546448087431694,0.1,0.28279553954511,0,0,0,82,3691,0.97778379842861,"TMMwsp",TRUE,FALSE,0.694645261699346,"ablate_filter",15,3,1e+06,3e+06,5,2017308
17415,382,363,19,1720,0.211046511627907,0.950261780104712,0.049738219895288,0.1,0.476206158499263,0.108333333333333,0.0072992700729927,0,120,2490,0.985542168674699,"TMMwsp",TRUE,FALSE,0.714216805236255,"ctc_pipeline",15,4,5e+06,1.5e+07,5,11640758.5
17114,389,368,21,1720,0.213953488372093,0.946015424164524,0.0539845758354756,0.1,0.476115731253216,0.125,0.0072992700729927,0,120,2951,0.986106404608607,"TMMwsp",TRUE,FALSE,0.702199951306676,"fix_filter",15,4,5e+06,1.5e+07,5,11640758.5
14014,400,375,25,1720,0.218023255813953,0.9375,0.0625,0.1,0.458057327809574,0.125,0.0048661800486618,2,120,3269,0.969103701437749,"TMMwsp",TRUE,FALSE,0.537668348769438,"ablate_filter",15,4,5e+06,1.5e+07,5,11640758.5
18519,740,664,76,1720,0.386046511627907,0.897297297297297,0.102702702702703,0.1,0.603780941638692,1,0.0759803921568627,1,120,851,0.99882491186839,"TMMwsp",TRUE,FALSE,0.459926541918753,"ctc_pipeline",15,5,2e+07,6e+07,5,41618410.5
18112,745,667,78,1720,0.387790697674419,0.895302013422819,0.104697986577181,0.1,0.603432775792554,1,0.0784313725490196,2,120,2050,0.999024390243902,"TMMwsp",TRUE,FALSE,0.446987775419126,"fix_filter",15,5,2e+07,6e+07,5,41618410.5
16765,757,676,81,1720,0.393023255813953,0.892998678996037,0.107001321003963,0.1,0.599755368167099,1,0.0808823529411765,5,120,2192,0.99771897810219,"TMMwsp",TRUE,FALSE,0.396198070136014,"ablate_filter",15,5,2e+07,6e+07,5,41618410.5
8901,41,41,0,1720,0.0238372093023256,1,0,0.1,0.177065923050017,0,0,0,19,3697,0.994860697863132,"TMMwsp",TRUE,FALSE,1.70550132232086,"ctc_pipeline",16,1,1e+05,3e+05,5,223747
8901,41,41,0,1720,0.0238372093023256,1,0,0.1,0.1765570748452,0,0,0,19,3697,0.994860697863132,"TMMwsp",TRUE,FALSE,1.70550132232086,"fix_filter",16,1,1e+05,3e+05,5,223747
5977,48,47,1,1720,0.0273255813953488,0.979166666666667,0.0208333333333333,0.1,0.165979099992183,0,0,0,19,3940,0.995177664974619,"TMMwsp",TRUE,FALSE,1.048825658363,"ablate_filter",16,1,1e+05,3e+05,5,223747
11072,95,93,2,1720,0.0540697674418605,0.978947368421053,0.0210526315789474,0.1,0.223065287517264,0,0,0,39,3778,0.989941768131286,"TMMwsp",TRUE,FALSE,1.38644605314714,"ctc_pipeline",16,2,3e+05,9e+05,5,425746
11072,95,93,2,1720,0.0540697674418605,0.978947368421053,0.0210526315789474,0.1,0.22317238737571,0,0,0,39,3778,0.989941768131286,"TMMwsp",TRUE,FALSE,1.38644605314714,"fix_filter",16,2,3e+05,9e+05,5,425746
7258,104,103,1,1720,0.0598837209302326,0.990384615384615,0.00961538461538462,0.1,0.208447876158566,0,0,0,39,4053,0.990377498149519,"TMMwsp",TRUE,FALSE,0.819079894101565,"ablate_filter",16,2,3e+05,9e+05,5,425746
13984,189,181,8,1720,0.105232558139535,0.957671957671958,0.0423280423280423,0.1,0.317462044054466,0,0,0,80,3397,0.979687959964675,"TMMwsp",TRUE,FALSE,1.09428448216697,"ctc_pipeline",16,3,1e+06,3e+06,5,1491498
13984,189,181,8,1720,0.105232558139535,0.957671957671958,0.0423280423280423,0.1,0.317512505948819,0,0,0,80,3397,0.979687959964675,"TMMwsp",TRUE,FALSE,1.09428448216697,"fix_filter",16,3,1e+06,3e+06,5,1491498
9618,200,190,10,1720,0.11046511627907,0.95,0.05,0.1,0.303621281841091,0,0,0,80,3710,0.978436657681941,"TMMwsp",TRUE,FALSE,0.696811635479955,"ablate_filter",16,3,1e+06,3e+06,5,1491498
17937,422,394,28,1720,0.22906976744186,0.933649289099526,0.0663507109004739,0.1,0.504896866761103,0.133333333333333,0.0149625935162095,0,120,2026,0.989634748272458,"TMMwsp",TRUE,FALSE,0.627210993926241,"ctc_pipeline",16,4,5e+06,1.5e+07,5,10220762.5
17713,427,396,31,1720,0.230232558139535,0.927400468384075,0.072599531615925,0.1,0.504835857529586,0.141666666666667,0.0149625935162095,0,120,2313,0.990488543017726,"TMMwsp",TRUE,FALSE,0.6208953501895,"fix_filter",16,4,5e+06,1.5e+07,5,10220762.5
14487,435,404,31,1720,0.234883720930233,0.928735632183908,0.071264367816092,0.1,0.491204969406225,0.141666666666667,0.0124688279301746,6,120,2630,0.962737642585551,"TMMwsp",TRUE,FALSE,0.479638439983172,"ablate_filter",16,4,5e+06,1.5e+07,5,10220762.5
18659,743,683,60,1720,0.397093023255814,0.919246298788694,0.0807537012113055,0.1,0.623926934303223,1,0.0825471698113208,3,120,788,0.996192893401015,"TMMwsp",TRUE,FALSE,0.45430621970275,"ctc_pipeline",16,5,2e+07,6e+07,5,42193332
18260,749,687,62,1720,0.399418604651163,0.917222963951936,0.0827770360480641,0.1,0.623456151198198,1,0.0849056603773585,3,120,1897,0.998418555614128,"TMMwsp",TRUE,FALSE,0.441933064186976,"fix_filter",16,5,2e+07,6e+07,5,42193332
17161,758,693,65,1720,0.402906976744186,0.914248021108179,0.0857519788918206,0.1,0.619719600313305,1,0.0825471698113208,5,120,2011,0.997513674788662,"TMMwsp",TRUE,FALSE,0.401524229935425,"ablate_filter",16,5,2e+07,6e+07,5,42193332
8597,54,53,1,1720,0.0308139534883721,0.981481481481482,0.0185185185185185,0.1,0.178568684609035,0,0,0,15,3721,0.99596882558452,"TMMwsp",TRUE,FALSE,1.75869028738991,"ctc_pipeline",17,1,1e+05,3e+05,5,196025.5
8597,54,53,1,1720,0.0308139534883721,0.981481481481482,0.0185185185185185,0.1,0.178887419952005,0,0,0,15,3721,0.99596882558452,"TMMwsp",TRUE,FALSE,1.75869028738991,"fix_filter",17,1,1e+05,3e+05,5,196025.5
5893,56,55,1,1720,0.0319767441860465,0.982142857142857,0.0178571428571429,0.1,0.172153699658278,0,0,0,15,3940,0.996192893401015,"TMMwsp",TRUE,FALSE,1.10886446828444,"ablate_filter",17,1,1e+05,3e+05,5,196025.5
11588,113,109,4,1720,0.0633720930232558,0.964601769911504,0.0353982300884956,0.1,0.248220502241422,0,0.00261096605744125,0,37,3732,0.990353697749196,"TMMwsp",TRUE,FALSE,1.40639638249994,"ctc_pipeline",17,2,3e+05,9e+05,5,470716.5
11588,113,109,4,1720,0.0633720930232558,0.964601769911504,0.0353982300884956,0.1,0.248221359508312,0,0.00261096605744125,0,37,3732,0.990353697749196,"TMMwsp",TRUE,FALSE,1.40639638249994,"fix_filter",17,2,3e+05,9e+05,5,470716.5
7666,119,115,4,1720,0.0668604651162791,0.966386554621849,0.0336134453781513,0.1,0.231727791111407,0,0,0,37,4012,0.990777666999003,"TMMwsp",TRUE,FALSE,0.843616123050283,"ablate_filter",17,2,3e+05,9e+05,5,470716.5
14445,202,192,10,1720,0.111627906976744,0.95049504950495,0.0495049504950495,0.1,0.317787647795736,0,0,0,100,3244,0.973181257706535,"TMMwsp",TRUE,FALSE,0.99327677858825,"ctc_pipeline",17,3,1e+06,3e+06,5,1950464
14445,202,192,10,1720,0.111627906976744,0.95049504950495,0.0495049504950495,0.1,0.317627809417693,0,0,0,100,3244,0.973181257706535,"TMMwsp",TRUE,FALSE,0.99327677858825,"fix_filter",17,3,1e+06,3e+06,5,1950464
10214,210,198,12,1720,0.115116279069767,0.942857142857143,0.0571428571428571,0.1,0.300331517776721,0,0,0,100,3566,0.97195737521032,"TMMwsp",TRUE,FALSE,0.656499747973528,"ablate_filter",17,3,1e+06,3e+06,5,1950464
17109,356,333,23,1720,0.193604651162791,0.935393258426966,0.0646067415730337,0.1,0.464599610258967,0.0583333333333333,0.0151515151515152,0,119,2477,0.982236576503835,"TMMwsp",TRUE,FALSE,0.739445950421537,"ctc_pipeline",17,4,5e+06,1.5e+07,5,8396649
16919,358,335,23,1720,0.194767441860465,0.935754189944134,0.0642458100558659,0.1,0.464677016876475,0.0583333333333333,0.0151515151515152,0,119,2686,0.983246463142219,"TMMwsp",TRUE,FALSE,0.732654170242627,"fix_filter",17,4,5e+06,1.5e+07,5,8396649
13120,370,345,25,1720,0.200581395348837,0.932432432432432,0.0675675675675676,0.1,0.450258392163283,0.0583333333333333,0.0151515151515152,4,119,3043,0.96319421623398,"TMMwsp",TRUE,FALSE,0.529940492338588,"ablate_filter",17,4,5e+06,1.5e+07,5,8396649
18554,687,634,53,1720,0.368604651162791,0.922852983988355,0.0771470160116448,0.1,0.601967496181552,0.991666666666667,0.0738916256157636,0,120,873,1,"TMMwsp",TRUE,FALSE,0.47056176267396,"ctc_pipeline",17,5,2e+07,6e+07,5,42875334
18147,699,639,60,1720,0.371511627906977,0.914163090128755,0.0858369098712446,0.1,0.602082578546186,0.991666666666667,0.0763546798029557,0,120,1968,1,"TMMwsp",TRUE,FALSE,0.458206696948894,"fix_filter",17,5,2e+07,6e+07,5,42875334
16925,713,647,66,1720,0.376162790697674,0.907433380084151,0.0925666199158485,0.1,0.596616481938747,1,0.0788177339901478,4,120,2111,0.998105163429654,"TMMwsp",TRUE,FALSE,0.41260783562548,"ablate_filter",17,5,2e+07,6e+07,5,42875334
9324,64,64,0,1720,0.0372093023255814,1,0,0.1,0.184950261454286,0,0,0,19,3737,0.994915707786995,"TMMwsp",TRUE,FALSE,1.60206054776292,"ctc_pipeline",18,1,1e+05,3e+05,5,229839
9324,64,64,0,1720,0.0372093023255814,1,0,0.1,0.185221069055298,0,0,0,19,3737,0.994915707786995,"TMMwsp",TRUE,FALSE,1.60206054776292,"fix_filter",18,1,1e+05,3e+05,5,229839
6365,69,69,0,1720,0.0401162790697674,1,0,0.1,0.179924791920556,0,0,0,19,4010,0.995261845386534,"TMMwsp",TRUE,FALSE,1.00233392871463,"ablate_filter",18,1,1e+05,3e+05,5,229839
11773,111,106,5,1720,0.0616279069767442,0.954954954954955,0.045045045045045,0.1,0.234992269181628,0,0,0,37,3794,0.990247759620453,"TMMwsp",TRUE,FALSE,1.30938715321234,"ctc_pipeline",18,2,3e+05,9e+05,5,540661
11773,111,106,5,1720,0.0616279069767442,0.954954954954955,0.045045045045045,0.1,0.234442751702646,0,0,0,37,3794,0.990247759620453,"TMMwsp",TRUE,FALSE,1.30938715321234,"fix_filter",18,2,3e+05,9e+05,5,540661
8091,115,112,3,1720,0.0651162790697674,0.973913043478261,0.0260869565217391,0.1,0.224595021326475,0,0,0,37,4085,0.99094247246022,"TMMwsp",TRUE,FALSE,0.84342663951412,"ablate_filter",18,2,3e+05,9e+05,5,540661
14919,237,224,13,1720,0.130232558139535,0.945147679324895,0.0548523206751055,0.1,0.344717489643447,0,0.00256410256410256,0,95,3168,0.974747474747475,"TMMwsp",TRUE,FALSE,0.995684248183078,"ctc_pipeline",18,3,1e+06,3e+06,5,2330352
14919,237,224,13,1720,0.130232558139535,0.945147679324895,0.0548523206751055,0.1,0.344837348116005,0,0.00256410256410256,0,95,3168,0.974747474747475,"TMMwsp",TRUE,FALSE,0.995684248183078,"fix_filter",18,3,1e+06,3e+06,5,2330352
10778,248,229,19,1720,0.133139534883721,0.923387096774194,0.0766129032258065,0.1,0.327693638591534,0,0.00256410256410256,0,95,3471,0.972630365888793,"TMMwsp",TRUE,FALSE,0.681748231960397,"ablate_filter",18,3,1e+06,3e+06,5,2330352
17865,386,359,27,1720,0.208720930232558,0.930051813471503,0.0699481865284974,0.1,0.48705078065301,0.166666666666667,0.0099009900990099,1,117,2011,0.989557434112382,"TMMwsp",TRUE,FALSE,0.627665115173873,"ctc_pipeline",18,4,5e+06,1.5e+07,5,11193109.5
17654,389,361,28,1720,0.209883720930233,0.928020565552699,0.0719794344473008,0.1,0.487410664056811,0.175,0.0099009900990099,1,117,2302,0.989574283231972,"TMMwsp",TRUE,FALSE,0.621805593892668,"fix_filter",18,4,5e+06,1.5e+07,5,11193109.5
14540,405,372,33,1720,0.216279069767442,0.918518518518519,0.0814814814814815,0.1,0.468556504135594,0.166666666666667,0.00742574257425743,2,117,2579,0.967429236138038,"TMMwsp",TRUE,FALSE,0.487922770547308,"ablate_filter",18,4,5e+06,1.5e+07,5,11193109.5
18761,733,675,58,1720,0.392441860465116,0.92087312414734,0.0791268758526603,0.1,0.617906738276639,1,0.0932642487046632,0,120,793,1,"TMMwsp",TRUE,FALSE,0.448433913503371,"ctc_pipeline",18,5,2e+07,6e+07,5,41991725
18358,739,679,60,1720,0.394767441860465,0.918809201623816,0.081190798376184,0.1,0.617880268520808,1,0.101036269430052,0,120,1883,1,"TMMwsp",TRUE,FALSE,0.436665489478855,"fix_filter",18,5,2e+07,6e+07,5,41991725
17223,749,686,63,1720,0.398837209302326,0.91588785046729,0.0841121495327103,0.1,0.614466404676633,1,0.101036269430052,3,120,2003,0.998502246630055,"TMMwsp",TRUE,FALSE,0.395727962772998,"ablate_filter",18,5,2e+07,6e+07,5,41991725
8142,34,34,0,1720,0.0197674418604651,1,0,0.1,0.160056350832387,0,0,0,20,3706,0.994603345925526,"TMMwsp",TRUE,FALSE,1.80487813301203,"ctc_pipeline",19,1,1e+05,3e+05,5,144914.5
8142,34,34,0,1720,0.0197674418604651,1,0,0.1,0.159684354565374,0,0,0,20,3706,0.994603345925526,"TMMwsp",TRUE,FALSE,1.80487813301203,"fix_filter",19,1,1e+05,3e+05,5,144914.5
5548,42,41,1,1720,0.0238372093023256,0.976190476190476,0.0238095238095238,0.1,0.158698137771427,0,0,0,20,3920,0.994897959183674,"TMMwsp",TRUE,FALSE,1.09354319426732,"ablate_filter",19,1,1e+05,3e+05,5,144914.5
11736,87,86,1,1720,0.05,0.988505747126437,0.0114942528735632,0.1,0.216159416373603,0,0,0,64,3800,0.983421052631579,"TMMwsp",TRUE,FALSE,1.36162930921731,"ctc_pipeline",19,2,3e+05,9e+05,5,642739.5
11736,87,86,1,1720,0.05,0.988505747126437,0.0114942528735632,0.1,0.216118532802176,0,0,0,64,3800,0.983421052631579,"TMMwsp",TRUE,FALSE,1.36162930921731,"fix_filter",19,2,3e+05,9e+05,5,642739.5
8030,93,91,2,1720,0.052906976744186,0.978494623655914,0.021505376344086,0.1,0.207940234976941,0,0,0,64,4095,0.984371184371184,"TMMwsp",TRUE,FALSE,0.859874058431062,"ablate_filter",19,2,3e+05,9e+05,5,642739.5
14355,211,206,5,1720,0.119767441860465,0.976303317535545,0.023696682464455,0.1,0.315171879211239,0,0,0,87,3248,0.979679802955665,"TMMwsp",TRUE,FALSE,1.0590513024328,"ctc_pipeline",19,3,1e+06,3e+06,5,1664227
14355,211,206,5,1720,0.119767441860465,0.976303317535545,0.023696682464455,0.1,0.315406870325656,0,0,0,87,3248,0.979679802955665,"TMMwsp",TRUE,FALSE,1.0590513024328,"fix_filter",19,3,1e+06,3e+06,5,1664227
10028,221,213,8,1720,0.123837209302326,0.963800904977376,0.0361990950226244,0.1,0.302621870634214,0,0,0,87,3578,0.975684740078256,"TMMwsp",TRUE,FALSE,0.689334889453377,"ablate_filter",19,3,1e+06,3e+06,5,1664227
17791,393,371,22,1720,0.215697674418605,0.944020356234097,0.0559796437659033,0.1,0.486118037599187,0.0833333333333333,0.0078740157480315,0,119,2106,0.986229819563153,"TMMwsp",TRUE,FALSE,0.646341576336559,"ctc_pipeline",19,4,5e+06,1.5e+07,5,8002036
17639,396,373,23,1720,0.216860465116279,0.941919191919192,0.0580808080808081,0.1,0.48622100385568,0.0833333333333333,0.0078740157480315,1,119,2289,0.985583224115334,"TMMwsp",TRUE,FALSE,0.642430125586321,"fix_filter",19,4,5e+06,1.5e+07,5,8002036
13911,418,384,34,1720,0.223255813953488,0.91866028708134,0.0813397129186603,0.1,0.466513924755673,0.0666666666666667,0.0078740157480315,4,119,2582,0.957784663051898,"TMMwsp",TRUE,FALSE,0.475423666024619,"ablate_filter",19,4,5e+06,1.5e+07,5,8002036
18870,726,668,58,1720,0.388372093023256,0.920110192837466,0.0798898071625344,0.1,0.621502506897052,0.983333333333333,0.0831168831168831,0,120,742,0.998652291105121,"TMMwsp",TRUE,FALSE,0.429116607491522,"ctc_pipeline",19,5,2e+07,6e+07,5,34210045
18540,727,669,58,1720,0.388953488372093,0.920220082530949,0.0797799174690509,0.1,0.621258432200151,0.983333333333333,0.0857142857142857,0,120,1648,0.999393203883495,"TMMwsp",TRUE,FALSE,0.420024891072718,"fix_filter",19,5,2e+07,6e+07,5,34210045
17099,739,677,62,1720,0.393604651162791,0.916102841677943,0.0838971583220568,0.1,0.613513994332821,0.983333333333333,0.0883116883116883,4,120,1776,0.996621621621622,"TMMwsp",TRUE,FALSE,0.370586498696656,"ablate_filter",19,5,2e+07,6e+07,5,34210045
9037,54,52,2,1720,0.0302325581395349,0.962962962962963,0.037037037037037,0.1,0.181724867753931,0,0,0,21,3809,0.994486741927015,"TMMwsp",TRUE,FALSE,1.67616249142031,"ctc_pipeline",20,1,1e+05,3e+05,5,219461
9037,54,52,2,1720,0.0302325581395349,0.962962962962963,0.037037037037037,0.1,0.181344786391095,0,0,0,21,3809,0.994486741927015,"TMMwsp",TRUE,FALSE,1.67616249142031,"fix_filter",20,1,1e+05,3e+05,5,219461
6217,58,56,2,1720,0.0325581395348837,0.96551724137931,0.0344827586206897,0.1,0.174918879991467,0,0,0,21,4027,0.99478519990067,"TMMwsp",TRUE,FALSE,1.04644792185415,"ablate_filter",20,1,1e+05,3e+05,5,219461
11840,101,99,2,1720,0.0575581395348837,0.98019801980198,0.0198019801980198,0.1,0.247253120991276,0,0,0,46,3645,0.987379972565158,"TMMwsp",TRUE,FALSE,1.32029455644402,"ctc_pipeline",20,2,3e+05,9e+05,5,515903
11840,101,99,2,1720,0.0575581395348837,0.98019801980198,0.0198019801980198,0.1,0.247347010859736,0,0,0,46,3645,0.987379972565158,"TMMwsp",TRUE,FALSE,1.32029455644402,"fix_filter",20,2,3e+05,9e+05,5,515903
7766,111,107,4,1720,0.0622093023255814,0.963963963963964,0.036036036036036,0.1,0.229697187308375,0,0,0,46,3954,0.988366211431462,"TMMwsp",TRUE,FALSE,0.786823083331371,"ablate_filter",20,2,3e+05,9e+05,5,515903
14812,228,214,14,1720,0.124418604651163,0.93859649122807,0.0614035087719298,0.1,0.325227515965866,0,0,0,96,3080,0.973376623376623,"TMMwsp",TRUE,FALSE,0.992514241830229,"ctc_pipeline",20,3,1e+06,3e+06,5,2031264.5
14812,228,214,14,1720,0.124418604651163,0.93859649122807,0.0614035087719298,0.1,0.325326621549215,0,0,0,96,3080,0.973376623376623,"TMMwsp",TRUE,FALSE,0.992514241830229,"fix_filter",20,3,1e+06,3e+06,5,2031264.5
10526,236,220,16,1720,0.127906976744186,0.932203389830508,0.0677966101694915,0.1,0.315672181201747,0,0,0,96,3377,0.971572401539828,"TMMwsp",TRUE,FALSE,0.671594185780394,"ablate_filter",20,3,1e+06,3e+06,5,2031264.5
17700,405,380,25,1720,0.22093023255814,0.938271604938272,0.0617283950617284,0.1,0.490780919072721,0.141666666666667,0.0329113924050633,0,120,2127,0.984015044663846,"TMMwsp",TRUE,FALSE,0.662720425593814,"ctc_pipeline",20,4,5e+06,1.5e+07,5,8010131.5
17555,405,380,25,1720,0.22093023255814,0.938271604938272,0.0617283950617284,0.1,0.490461125432222,0.141666666666667,0.0329113924050633,0,120,2266,0.984554280670786,"TMMwsp",TRUE,FALSE,0.65859526084966,"fix_filter",20,4,5e+06,1.5e+07,5,8010131.5
13898,425,393,32,1720,0.228488372093023,0.924705882352941,0.0752941176470588,0.1,0.47340284299593,0.141666666666667,0.030379746835443,6,120,2548,0.958791208791209,"TMMwsp",TRUE,FALSE,0.489954090794682,"ablate_filter",20,4,5e+06,1.5e+07,5,8010131.5
18558,669,618,51,1720,0.359302325581395,0.923766816143498,0.0762331838565022,0.1,0.583705724529593,1,0.0523809523809524,0,120,974,1,"TMMwsp",TRUE,FALSE,0.470413094187889,"ctc_pipeline",20,5,2e+07,6e+07,5,36491180.5
18137,673,621,52,1720,0.361046511627907,0.922734026745914,0.0772659732540862,0.1,0.583149062691945,1,0.0547619047619048,0,120,2026,1,"TMMwsp",TRUE,FALSE,0.456972812010273,"fix_filter",20,5,2e+07,6e+07,5,36491180.5
16710,681,624,57,1720,0.362790697674419,0.916299559471366,0.0837004405286344,0.1,0.577818688324424,1,0.0547619047619048,4,120,2154,0.998142989786444,"TMMwsp",TRUE,FALSE,0.400225560343368,"ablate_filter",20,5,2e+07,6e+07,5,36491180.5
8936,46,45,1,1720,0.0261627906976744,0.978260869565217,0.0217391304347826,0.1,0.171597841469564,0,0,0,22,3806,0.994219653179191,"TMMwsp",TRUE,FALSE,1.68181784444245,"ctc_pipeline",21,1,1e+05,3e+05,5,201552.5
8936,46,45,1,1720,0.0261627906976744,0.978260869565217,0.0217391304347826,0.1,0.171747754191201,0,0,0,22,3806,0.994219653179191,"TMMwsp",TRUE,FALSE,1.68181784444245,"fix_filter",21,1,1e+05,3e+05,5,201552.5
6043,53,50,3,1720,0.0290697674418605,0.943396226415094,0.0566037735849057,0.1,0.16751429736848,0,0,0,22,4024,0.994532803180915,"TMMwsp",TRUE,FALSE,1.0161907008534,"ablate_filter",21,1,1e+05,3e+05,5,201552.5
11683,99,94,5,1720,0.0546511627906977,0.94949494949495,0.0505050505050505,0.1,0.231948731537204,0,0.0022271714922049,0,56,3731,0.985258643795229,"TMMwsp",TRUE,FALSE,1.37059854946195,"ctc_pipeline",21,2,3e+05,9e+05,5,648781
11683,99,94,5,1720,0.0546511627906977,0.94949494949495,0.0505050505050505,0.1,0.232188656530034,0,0.0022271714922049,0,56,3731,0.985258643795229,"TMMwsp",TRUE,FALSE,1.37059854946195,"fix_filter",21,2,3e+05,9e+05,5,648781
8010,107,102,5,1720,0.0593023255813954,0.953271028037383,0.0467289719626168,0.1,0.220330342407979,0,0.0022271714922049,0,56,4066,0.986227250368913,"TMMwsp",TRUE,FALSE,0.868565754916807,"ablate_filter",21,2,3e+05,9e+05,5,648781
14427,175,169,6,1720,0.0982558139534884,0.965714285714286,0.0342857142857143,0.1,0.320144772146578,0,0,0,81,3286,0.978393183201461,"TMMwsp",TRUE,FALSE,1.05416516718368,"ctc_pipeline",21,3,1e+06,3e+06,5,1449036.5
14427,175,169,6,1720,0.0982558139534884,0.965714285714286,0.0342857142857143,0.1,0.320129607671109,0,0,0,81,3286,0.978393183201461,"TMMwsp",TRUE,FALSE,1.05416516718368,"fix_filter",21,3,1e+06,3e+06,5,1449036.5
9643,187,181,6,1720,0.105232558139535,0.967914438502674,0.0320855614973262,0.1,0.304091455665125,0,0,0,81,3611,0.977568540570479,"TMMwsp",TRUE,FALSE,0.633836626522629,"ablate_filter",21,3,1e+06,3e+06,5,1449036.5
17399,419,391,28,1720,0.227325581395349,0.933174224343675,0.0668257756563246,0.1,0.482864785770029,0.275,0.0196078431372549,1,118,2339,0.97990594271056,"TMMwsp",TRUE,FALSE,0.697717769659578,"ctc_pipeline",21,4,5e+06,1.5e+07,5,8865255
17219,419,391,28,1720,0.227325581395349,0.933174224343675,0.0668257756563246,0.1,0.483161425459101,0.275,0.0196078431372549,1,118,2548,0.981554160125589,"TMMwsp",TRUE,FALSE,0.691853817824256,"fix_filter",21,4,5e+06,1.5e+07,5,8865255
13461,439,406,33,1720,0.236046511627907,0.924829157175399,0.0751708428246014,0.1,0.460334576489927,0.25,0.0196078431372549,16,118,2839,0.963719619584361,"TMMwsp",TRUE,FALSE,0.505442898960723,"ablate_filter",21,4,5e+06,1.5e+07,5,8865255
18832,721,653,68,1720,0.379651162790698,0.905686546463246,0.0943134535367545,0.1,0.605653513241575,0.983333333333333,0.0869565217391304,0,120,786,0.998727735368957,"TMMwsp",TRUE,FALSE,0.455742796541192,"ctc_pipeline",21,5,2e+07,6e+07,5,34123846
18444,730,657,73,1720,0.381976744186046,0.9,0.1,0.1,0.60509543551782,0.983333333333333,0.0917874396135266,0,120,1781,0.998877035373386,"TMMwsp",TRUE,FALSE,0.443833903599972,"fix_filter",21,5,2e+07,6e+07,5,34123846
16933,748,669,79,1720,0.388953488372093,0.894385026737968,0.105614973262032,0.1,0.594395098046914,0.983333333333333,0.0942028985507246,3,120,1904,0.997373949579832,"TMMwsp",TRUE,FALSE,0.389417270236224,"ablate_filter",21,5,2e+07,6e+07,5,34123846
7656,26,26,0,1720,0.0151162790697674,1,0,0.1,0.158325181981272,0,0,0,15,3534,0.995755517826825,"TMMwsp",TRUE,FALSE,1.83099165263086,"ctc_pipeline",22,1,1e+05,3e+05,5,177081
7656,26,26,0,1720,0.0151162790697674,1,0,0.1,0.157328192624436,0,0,0,15,3534,0.995755517826825,"TMMwsp",TRUE,FALSE,1.83099165263086,"fix_filter",22,1,1e+05,3e+05,5,177081
5247,30,30,0,1720,0.0174418604651163,1,0,0.1,0.155742287815343,0,0,0,15,3739,0.995988232147633,"TMMwsp",TRUE,FALSE,1.13483797338418,"ablate_filter",22,1,1e+05,3e+05,5,177081
11906,127,123,4,1720,0.0715116279069767,0.968503937007874,0.031496062992126,0.1,0.238086727351385,0,0.00255754475703325,0,44,3660,0.988524590163934,"TMMwsp",TRUE,FALSE,1.34431829315042,"ctc_pipeline",22,2,3e+05,9e+05,5,619750.5
11906,127,123,4,1720,0.0715116279069767,0.968503937007874,0.031496062992126,0.1,0.238209946738204,0,0.00255754475703325,0,44,3660,0.988524590163934,"TMMwsp",TRUE,FALSE,1.34431829315042,"fix_filter",22,2,3e+05,9e+05,5,619750.5
8045,132,126,6,1720,0.0732558139534884,0.954545454545455,0.0454545454545455,0.1,0.232770475425766,0,0.00255754475703325,0,44,3948,0.988855116514691,"TMMwsp",TRUE,FALSE,0.834436708053258,"ablate_filter",22,2,3e+05,9e+05,5,619750.5
13926,184,174,10,1720,0.101162790697674,0.945652173913043,0.0543478260869565,0.1,0.301398924446914,0,0,0,96,3451,0.974789915966387,"TMMwsp",TRUE,FALSE,1.10378923647679,"ctc_pipeline",22,3,1e+06,3e+06,5,1443421.5
13926,184,174,10,1720,0.101162790697674,0.945652173913043,0.0543478260869565,0.1,0.301329696409501,0,0,0,96,3451,0.974789915966387,"TMMwsp",TRUE,FALSE,1.10378923647679,"fix_filter",22,3,1e+06,3e+06,5,1443421.5
9572,193,184,9,1720,0.106976744186047,0.953367875647668,0.0466321243523316,0.1,0.287108103181272,0,0,0,96,3798,0.974723538704581,"TMMwsp",TRUE,FALSE,0.707779493034811,"ablate_filter",22,3,1e+06,3e+06,5,1443421.5
17735,370,351,19,1720,0.20406976744186,0.948648648648649,0.0513513513513514,0.1,0.471548632095701,0.133333333333333,0.0222222222222222,1,120,2164,0.986136783733826,"TMMwsp",TRUE,FALSE,0.660879901425002,"ctc_pipeline",22,4,5e+06,1.5e+07,5,9983721
17509,371,352,19,1720,0.204651162790698,0.948787061994609,0.0512129380053908,0.1,0.471310380088736,0.133333333333333,0.0222222222222222,1,120,2407,0.985459077690071,"TMMwsp",TRUE,FALSE,0.654843633990435,"fix_filter",22,4,5e+06,1.5e+07,5,9983721
14245,381,358,23,1720,0.208139534883721,0.939632545931758,0.0603674540682415,0.1,0.452638990223572,0.133333333333333,0.0197530864197531,3,120,2712,0.962758112094395,"TMMwsp",TRUE,FALSE,0.509618727681057,"ablate_filter",22,4,5e+06,1.5e+07,5,9983721
18660,710,664,46,1720,0.386046511627907,0.935211267605634,0.0647887323943662,0.1,0.608740376568715,0.991666666666667,0.0515970515970516,0,120,828,1,"TMMwsp",TRUE,FALSE,0.455750567107777,"ctc_pipeline",22,5,2e+07,6e+07,5,33573353
18266,716,666,50,1720,0.387209302325581,0.930167597765363,0.0698324022346369,0.1,0.607840475619147,0.991666666666667,0.0515970515970516,0,120,1826,1,"TMMwsp",TRUE,FALSE,0.443207144189587,"fix_filter",22,5,2e+07,6e+07,5,33573353
16766,731,676,55,1720,0.393023255813953,0.924760601915185,0.0752393980848153,0.1,0.601356978087101,0.991666666666667,0.0565110565110565,6,120,1948,0.996406570841889,"TMMwsp",TRUE,FALSE,0.389775737044428,"ablate_filter",22,5,2e+07,6e+07,5,33573353
8857,38,37,1,1720,0.0215116279069767,0.973684210526316,0.0263157894736842,0.1,0.17182832216451,0,0,0,10,3833,0.997391077484999,"TMMwsp",TRUE,FALSE,1.75947464386633,"ctc_pipeline",23,1,1e+05,3e+05,5,170356.5
8857,38,37,1,1720,0.0215116279069767,0.973684210526316,0.0263157894736842,0.1,0.171680619319246,0,0,0,10,3833,0.997391077484999,"TMMwsp",TRUE,FALSE,1.75947464386633,"fix_filter",23,1,1e+05,3e+05,5,170356.5
5892,47,45,2,1720,0.0261627906976744,0.957446808510638,0.0425531914893617,0.1,0.163704966168799,0,0,0,10,4036,0.997522299306244,"TMMwsp",TRUE,FALSE,1.0523038575731,"ablate_filter",23,1,1e+05,3e+05,5,170356.5
11730,108,105,3,1720,0.061046511627907,0.972222222222222,0.0277777777777778,0.1,0.244701921023513,0,0,0,60,3685,0.983989145183175,"TMMwsp",TRUE,FALSE,1.39013706146738,"ctc_pipeline",23,2,3e+05,9e+05,5,693260.5
11730,108,105,3,1720,0.061046511627907,0.972222222222222,0.0277777777777778,0.1,0.244230125083237,0,0,0,60,3685,0.983989145183175,"TMMwsp",TRUE,FALSE,1.39013706146738,"fix_filter",23,2,3e+05,9e+05,5,693260.5
7992,120,114,6,1720,0.0662790697674419,0.95,0.05,0.1,0.231105860696925,0,0,0,60,4009,0.985033674232976,"TMMwsp",TRUE,FALSE,0.877108082988147,"ablate_filter",23,2,3e+05,9e+05,5,693260.5
14517,221,210,11,1720,0.122093023255814,0.950226244343891,0.0497737556561086,0.1,0.327736552316423,0,0,0,103,3239,0.972522383451683,"TMMwsp",TRUE,FALSE,1.0067065031431,"ctc_pipeline",23,3,1e+06,3e+06,5,1970940.5
14517,221,210,11,1720,0.122093023255814,0.950226244343891,0.0497737556561086,0.1,0.327560035045361,0,0,0,103,3239,0.972522383451683,"TMMwsp",TRUE,FALSE,1.0067065031431,"fix_filter",23,3,1e+06,3e+06,5,1970940.5
10142,236,220,16,1720,0.127906976744186,0.932203389830508,0.0677966101694915,0.1,0.30772680675633,0,0,0,103,3545,0.970944992947814,"TMMwsp",TRUE,FALSE,0.64895997611856,"ablate_filter",23,3,1e+06,3e+06,5,1970940.5
17875,488,444,44,1720,0.258139534883721,0.90983606557377,0.0901639344262295,0.1,0.512551831893598,0.316666666666667,0.0328282828282828,1,118,1968,0.98780487804878,"TMMwsp",TRUE,FALSE,0.630600586081481,"ctc_pipeline",23,4,5e+06,1.5e+07,5,8824450
17694,496,451,45,1720,0.262209302325581,0.909274193548387,0.0907258064516129,0.1,0.512785338075287,0.325,0.0353535353535354,2,118,2146,0.988816402609506,"TMMwsp",TRUE,FALSE,0.62538120121305,"fix_filter",23,4,5e+06,1.5e+07,5,8824450
14117,504,456,48,1720,0.265116279069767,0.904761904761905,0.0952380952380952,0.1,0.493290181483216,0.3,0.0353535353535354,17,118,2459,0.959739731598211,"TMMwsp",TRUE,FALSE,0.47047552789636,"ablate_filter",23,4,5e+06,1.5e+07,5,8824450
18774,721,658,63,1720,0.382558139534884,0.912621359223301,0.087378640776699,0.1,0.606138174075804,1,0.056701030927835,0,120,842,1,"TMMwsp",TRUE,FALSE,0.452389170885112,"ctc_pipeline",23,5,2e+07,6e+07,5,40897819
18372,728,663,65,1720,0.38546511627907,0.910714285714286,0.0892857142857143,0.1,0.605757721794143,1,0.0592783505154639,0,120,1987,1,"TMMwsp",TRUE,FALSE,0.440244296563876,"fix_filter",23,5,2e+07,6e+07,5,40897819
17098,738,672,66,1720,0.390697674418605,0.910569105691057,0.0894308943089431,0.1,0.603406775778212,1,0.0644329896907216,1,120,2094,0.999522445081184,"TMMwsp",TRUE,FALSE,0.393622396332548,"ablate_filter",23,5,2e+07,6e+07,5,40897819
8552,35,34,1,1720,0.0197674418604651,0.971428571428571,0.0285714285714286,0.1,0.157492460130165,0,0,0,18,3689,0.99512062889672,"TMMwsp",TRUE,FALSE,1.76811059663688,"ctc_pipeline",24,1,1e+05,3e+05,5,187270
8552,35,34,1,1720,0.0197674418604651,0.971428571428571,0.0285714285714286,0.1,0.157742748917104,0,0,0,18,3689,0.99512062889672,"TMMwsp",TRUE,FALSE,1.76811059663688,"fix_filter",24,1,1e+05,3e+05,5,187270
5671,43,41,2,1720,0.0238372093023256,0.953488372093023,0.0465116279069767,0.1,0.152118058455805,0,0,0,18,3908,0.99539406345957,"TMMwsp",TRUE,FALSE,0.993004338115798,"ablate_filter",24,1,1e+05,3e+05,5,187270
11250,96,96,0,1720,0.0558139534883721,1,0,0.1,0.222064190063148,0,0.00255102040816327,0,47,3881,0.988147384694666,"TMMwsp",TRUE,FALSE,1.45867325748963,"ctc_pipeline",24,2,3e+05,9e+05,5,492710
11250,96,96,0,1720,0.0558139534883721,1,0,0.1,0.221841129754199,0,0.00255102040816327,0,47,3881,0.988147384694666,"TMMwsp",TRUE,FALSE,1.45867325748963,"fix_filter",24,2,3e+05,9e+05,5,492710
7494,102,99,3,1720,0.0575581395348837,0.970588235294118,0.0294117647058824,0.1,0.210266830087952,0,0.00255102040816327,0,47,4169,0.988726313264572,"TMMwsp",TRUE,FALSE,0.882403074770928,"ablate_filter",24,2,3e+05,9e+05,5,492710
14362,192,180,12,1720,0.104651162790698,0.9375,0.0625,0.1,0.299918574674127,0,0.00239808153477218,0,92,3128,0.973145780051151,"TMMwsp",TRUE,FALSE,1.06021951227349,"ctc_pipeline",24,3,1e+06,3e+06,5,1763142
14362,192,180,12,1720,0.104651162790698,0.9375,0.0625,0.1,0.29979206406072,0,0.00239808153477218,0,92,3128,0.973145780051151,"TMMwsp",TRUE,FALSE,1.06021951227349,"fix_filter",24,3,1e+06,3e+06,5,1763142
9978,204,192,12,1720,0.111627906976744,0.941176470588235,0.0588235294117647,0.1,0.287982600800074,0,0.00239808153477218,0,92,3433,0.973201281677833,"TMMwsp",TRUE,FALSE,0.685658355967816,"ablate_filter",24,3,1e+06,3e+06,5,1763142
17800,435,399,36,1720,0.231976744186047,0.917241379310345,0.0827586206896552,0.1,0.496011314691893,0.125,0.00970873786407767,1,118,2098,0.985224022878932,"TMMwsp",TRUE,FALSE,0.631124829977116,"ctc_pipeline",24,4,5e+06,1.5e+07,5,10037640.5
17585,437,401,36,1720,0.233139534883721,0.917620137299771,0.0823798627002288,0.1,0.49616930104536,0.141666666666667,0.00970873786407767,1,118,2349,0.986377181779481,"TMMwsp",TRUE,FALSE,0.624954818937131,"fix_filter",24,4,5e+06,1.5e+07,5,10037640.5
14212,454,414,40,1720,0.240697674418605,0.911894273127753,0.0881057268722467,0.1,0.483037273298617,0.108333333333333,0.00970873786407767,7,118,2668,0.95952023988006,"TMMwsp",TRUE,FALSE,0.475820770465633,"ablate_filter",24,4,5e+06,1.5e+07,5,10037640.5
18658,660,611,49,1720,0.355232558139535,0.925757575757576,0.0742424242424242,0.1,0.58721490657902,0.991666666666667,0.0490654205607477,0,120,941,1,"TMMwsp",TRUE,FALSE,0.462389224561181,"ctc_pipeline",24,5,2e+07,6e+07,5,38446893.5
18265,666,614,52,1720,0.356976744186047,0.921921921921922,0.0780780780780781,0.1,0.586800008241999,0.991666666666667,0.0490654205607477,0,120,1960,1,"TMMwsp",TRUE,FALSE,0.449555198676372,"fix_filter",24,5,2e+07,6e+07,5,38446893.5
17008,679,622,57,1720,0.361627906976744,0.916053019145803,0.0839469808541973,0.1,0.582850724004591,0.991666666666667,0.0490654205607477,0,120,2080,0.999519230769231,"TMMwsp",TRUE,FALSE,0.401331548912869,"ablate_filter",24,5,2e+07,6e+07,5,38446893.5
8416,51,51,0,1720,0.0296511627906977,1,0,0.1,0.174512655603462,0,0,0,15,3663,0.995904995904996,"TMMwsp",TRUE,FALSE,1.73484094928029,"ctc_pipeline",25,1,1e+05,3e+05,5,181650.5
8416,51,51,0,1720,0.0296511627906977,1,0,0.1,0.174443211561939,0,0,0,15,3663,0.995904995904996,"TMMwsp",TRUE,FALSE,1.73484094928029,"fix_filter",25,1,1e+05,3e+05,5,181650.5
5699,53,53,0,1720,0.0308139534883721,1,0,0.1,0.164469410943367,0,0,0,15,3878,0.996132026817947,"TMMwsp",TRUE,FALSE,1.07535357186736,"ablate_filter",25,1,1e+05,3e+05,5,181650.5
11224,68,68,0,1720,0.0395348837209302,1,0,0.1,0.206464488972428,0,0,0,43,3763,0.989104437948445,"TMMwsp",TRUE,FALSE,1.47973787305401,"ctc_pipeline",25,2,3e+05,9e+05,5,517903
11224,68,68,0,1720,0.0395348837209302,1,0,0.1,0.206446611367047,0,0,0,43,3763,0.989104437948445,"TMMwsp",TRUE,FALSE,1.47973787305401,"fix_filter",25,2,3e+05,9e+05,5,517903
7451,77,75,2,1720,0.0436046511627907,0.974025974025974,0.025974025974026,0.1,0.19140287575468,0,0,0,43,4067,0.989427096139661,"TMMwsp",TRUE,FALSE,0.889248473449654,"ablate_filter",25,2,3e+05,9e+05,5,517903
14495,195,186,9,1720,0.108139534883721,0.953846153846154,0.0461538461538462,0.1,0.316709064571019,0,0,0,96,3302,0.975166565717747,"TMMwsp",TRUE,FALSE,1.026928388945,"ctc_pipeline",25,3,1e+06,3e+06,5,1935179.5
14495,195,186,9,1720,0.108139534883721,0.953846153846154,0.0461538461538462,0.1,0.316537227045535,0,0,0,96,3302,0.975166565717747,"TMMwsp",TRUE,FALSE,1.026928388945,"fix_filter",25,3,1e+06,3e+06,5,1935179.5
10053,214,199,15,1720,0.115697674418605,0.929906542056075,0.0700934579439252,0.1,0.300427412430279,0,0,0,96,3590,0.973259052924791,"TMMwsp",TRUE,FALSE,0.657563858814354,"ablate_filter",25,3,1e+06,3e+06,5,1935179.5
17798,466,433,33,1720,0.251744186046512,0.929184549356223,0.0708154506437768,0.1,0.494715259976103,0.241666666666667,0.0118483412322275,0,120,2112,0.994318181818182,"TMMwsp",TRUE,FALSE,0.642372769370167,"ctc_pipeline",25,4,5e+06,1.5e+07,5,12301496.5
17532,467,433,34,1720,0.251744186046512,0.927194860813705,0.0728051391862955,0.1,0.494801139780711,0.241666666666667,0.0118483412322275,0,120,2493,0.993582029683113,"TMMwsp",TRUE,FALSE,0.634356911086968,"fix_filter",25,4,5e+06,1.5e+07,5,12301496.5
14627,482,442,40,1720,0.256976744186046,0.91701244813278,0.0829875518672199,0.1,0.483557085036852,0.241666666666667,0.00947867298578199,2,120,2777,0.970471732084984,"TMMwsp",TRUE,FALSE,0.50552591445265,"ablate_filter",25,4,5e+06,1.5e+07,5,12301496.5
18648,695,643,52,1720,0.373837209302326,0.925179856115108,0.0748201438848921,0.1,0.604300903779114,0.991666666666667,0.0744416873449131,0,120,868,1,"TMMwsp",TRUE,FALSE,0.453259550711713,"ctc_pipeline",25,5,2e+07,6e+07,5,33625826.5
18256,702,647,55,1720,0.376162790697674,0.921652421652422,0.0783475783475783,0.1,0.60384559970564,0.991666666666667,0.0744416873449131,0,120,1907,0.999475616151023,"TMMwsp",TRUE,FALSE,0.440603214523619,"fix_filter",25,5,2e+07,6e+07,5,33625826.5
16688,716,655,61,1720,0.380813953488372,0.914804469273743,0.085195530726257,0.1,0.593546482357545,0.991666666666667,0.0769230769230769,3,120,2045,0.998044009779951,"TMMwsp",TRUE,FALSE,0.383360094119215,"ablate_filter",25,5,2e+07,6e+07,5,33625826.5
8584,58,58,0,1720,0.0337209302325581,1,0,0.1,0.17077041836837,0,0,0,18,3676,0.995103373231774,"TMMwsp",TRUE,FALSE,1.75859580771536,"ctc_pipeline",26,1,1e+05,3e+05,5,197386
8584,58,58,0,1720,0.0337209302325581,1,0,0.1,0.171258306067465,0,0,0,18,3676,0.995103373231774,"TMMwsp",TRUE,FALSE,1.75859580771536,"fix_filter",26,1,1e+05,3e+05,5,197386
5846,63,61,2,1720,0.0354651162790698,0.968253968253968,0.0317460317460317,0.1,0.160750300751975,0,0,0,18,3901,0.995385798513202,"TMMwsp",TRUE,FALSE,1.09617429798724,"ablate_filter",26,1,1e+05,3e+05,5,197386
11171,85,81,4,1720,0.047093023255814,0.952941176470588,0.0470588235294118,0.1,0.214177505563929,0,0,0,55,3866,0.985773409208484,"TMMwsp",TRUE,FALSE,1.4232436331185,"ctc_pipeline",26,2,3e+05,9e+05,5,586237
11171,85,81,4,1720,0.047093023255814,0.952941176470588,0.0470588235294118,0.1,0.213772333826692,0,0,0,55,3866,0.985773409208484,"TMMwsp",TRUE,FALSE,1.4232436331185,"fix_filter",26,2,3e+05,9e+05,5,586237
7572,91,86,5,1720,0.05,0.945054945054945,0.0549450549450549,0.1,0.205999776629052,0,0,0,55,4135,0.986698911729141,"TMMwsp",TRUE,FALSE,0.900599619915952,"ablate_filter",26,2,3e+05,9e+05,5,586237
14724,236,225,11,1720,0.130813953488372,0.953389830508475,0.0466101694915254,0.1,0.334068194249627,0,0,0,98,3105,0.972302737520129,"TMMwsp",TRUE,FALSE,1.00786731266569,"ctc_pipeline",26,3,1e+06,3e+06,5,2472655
14724,236,225,11,1720,0.130813953488372,0.953389830508475,0.0466101694915254,0.1,0.333951467191086,0,0,0,98,3105,0.972302737520129,"TMMwsp",TRUE,FALSE,1.00786731266569,"fix_filter",26,3,1e+06,3e+06,5,2472655
10581,248,236,12,1720,0.137209302325581,0.951612903225806,0.0483870967741935,0.1,0.32223093452193,0,0,0,98,3410,0.971260997067449,"TMMwsp",TRUE,FALSE,0.694165524053405,"ablate_filter",26,3,1e+06,3e+06,5,2472655
17802,431,414,17,1720,0.240697674418605,0.960556844547564,0.0394431554524362,0.1,0.520303286259368,0.216666666666667,0.0260416666666667,0,120,2142,0.990196078431373,"TMMwsp",TRUE,FALSE,0.632250894578907,"ctc_pipeline",26,4,5e+06,1.5e+07,5,10703401.5
17519,434,417,17,1720,0.242441860465116,0.960829493087558,0.0391705069124424,0.1,0.520113950582339,0.233333333333333,0.0286458333333333,0,120,2527,0.990502572220024,"TMMwsp",TRUE,FALSE,0.624670422239193,"fix_filter",26,4,5e+06,1.5e+07,5,10703401.5
14305,447,426,21,1720,0.247674418604651,0.953020134228188,0.0469798657718121,0.1,0.506750268911012,0.183333333333333,0.0260416666666667,6,120,2830,0.964664310954064,"TMMwsp",TRUE,FALSE,0.4784990639933,"ablate_filter",26,4,5e+06,1.5e+07,5,10703401.5
18856,758,683,75,1720,0.397093023255814,0.901055408970976,0.0989445910290237,0.1,0.622158564030652,0.991666666666667,0.0816326530612245,0,120,820,1,"TMMwsp",TRUE,FALSE,0.436912661389772,"ctc_pipeline",26,5,2e+07,6e+07,5,37575192
18486,775,692,83,1720,0.402325581395349,0.892903225806452,0.107096774193548,0.1,0.621933886745775,0.991666666666667,0.086734693877551,1,120,1711,0.999415546464056,"TMMwsp",TRUE,FALSE,0.425954857256612,"fix_filter",26,5,2e+07,6e+07,5,37575192
17206,790,699,91,1720,0.406395348837209,0.884810126582279,0.115189873417722,0.1,0.61549041620686,0.991666666666667,0.0816326530612245,3,120,1877,0.997868939797549,"TMMwsp",TRUE,FALSE,0.38254420987981,"ablate_filter",26,5,2e+07,6e+07,5,37575192
8879,44,43,1,1720,0.025,0.977272727272727,0.0227272727272727,0.1,0.179963891056958,0,0,0,20,3840,0.994791666666667,"TMMwsp",TRUE,FALSE,1.63090841721345,"ctc_pipeline",27,1,1e+05,3e+05,5,169137
8879,44,43,1,1720,0.025,0.977272727272727,0.0227272727272727,0.1,0.181272810285777,0,0,0,20,3840,0.994791666666667,"TMMwsp",TRUE,FALSE,1.63090841721345,"fix_filter",27,1,1e+05,3e+05,5,169137
6026,53,51,2,1720,0.0296511627906977,0.962264150943396,0.0377358490566038,0.1,0.167485472291172,0,0,0,20,4069,0.995084787417056,"TMMwsp",TRUE,FALSE,0.970166483476954,"ablate_filter",27,1,1e+05,3e+05,5,169137
11303,106,102,4,1720,0.0593023255813954,0.962264150943396,0.0377358490566038,0.1,0.229780050381626,0,0,0,47,3751,0.988003199146894,"TMMwsp",TRUE,FALSE,1.36781760681439,"ctc_pipeline",27,2,3e+05,9e+05,5,574175
11303,106,102,4,1720,0.0593023255813954,0.962264150943396,0.0377358490566038,0.1,0.229538331117385,0,0,0,47,3751,0.988003199146894,"TMMwsp",TRUE,FALSE,1.36781760681439,"fix_filter",27,2,3e+05,9e+05,5,574175
7658,108,104,4,1720,0.0604651162790698,0.962962962962963,0.037037037037037,0.1,0.216784571080061,0,0,0,47,4028,0.988331678252234,"TMMwsp",TRUE,FALSE,0.838444819785428,"ablate_filter",27,2,3e+05,9e+05,5,574175
14437,203,192,11,1720,0.111627906976744,0.945812807881773,0.0541871921182266,0.1,0.326611942776042,0,0,0,100,3210,0.97601246105919,"TMMwsp",TRUE,FALSE,1.01355785804865,"ctc_pipeline",27,3,1e+06,3e+06,5,2327871.5
14437,203,192,11,1720,0.111627906976744,0.945812807881773,0.0541871921182266,0.1,0.326531715021283,0,0,0,100,3210,0.97601246105919,"TMMwsp",TRUE,FALSE,1.01355785804865,"fix_filter",27,3,1e+06,3e+06,5,2327871.5
10315,216,200,16,1720,0.116279069767442,0.925925925925926,0.0740740740740741,0.1,0.314626406910511,0,0,0,100,3565,0.97194950911641,"TMMwsp",TRUE,FALSE,0.684781521373552,"ablate_filter",27,3,1e+06,3e+06,5,2327871.5
17754,369,352,17,1720,0.204651162790698,0.953929539295393,0.046070460704607,0.1,0.476861274039209,0.0166666666666667,0.00956937799043062,0,119,2234,0.99059982094897,"TMMwsp",TRUE,FALSE,0.676210324651188,"ctc_pipeline",27,4,5e+06,1.5e+07,5,10232439.5
17544,369,352,17,1720,0.204651162790698,0.953929539295393,0.046070460704607,0.1,0.476687374940399,0.0166666666666667,0.00956937799043062,0,119,2519,0.989678443826915,"TMMwsp",TRUE,FALSE,0.66975071740734,"fix_filter",27,4,5e+06,1.5e+07,5,10232439.5
14319,389,368,21,1720,0.213953488372093,0.946015424164524,0.0539845758354756,0.1,0.461584895550276,0.0416666666666667,0.00956937799043062,0,119,2914,0.966026080988332,"TMMwsp",TRUE,FALSE,0.517879136448521,"ablate_filter",27,4,5e+06,1.5e+07,5,10232439.5
18705,711,656,55,1720,0.381395348837209,0.922644163150492,0.0773558368495077,0.1,0.611760413739621,1,0.0745501285347044,1,120,802,0.998753117206983,"TMMwsp",TRUE,FALSE,0.444536042961828,"ctc_pipeline",27,5,2e+07,6e+07,5,45047952.5
18267,719,660,59,1720,0.383720930232558,0.917941585535466,0.0820584144645341,0.1,0.611247561189043,1,0.0745501285347044,1,120,1914,0.999477533960293,"TMMwsp",TRUE,FALSE,0.431058447124446,"fix_filter",27,5,2e+07,6e+07,5,45047952.5
17217,734,667,67,1720,0.387790697674419,0.908719346049046,0.0912806539509537,0.1,0.607280525888294,1,0.0796915167095116,4,120,2034,0.99803343166175,"TMMwsp",TRUE,FALSE,0.392135602506837,"ablate_filter",27,5,2e+07,6e+07,5,45047952.5
8821,46,45,1,1720,0.0261627906976744,0.978260869565217,0.0217391304347826,0.1,0.169676696563107,0,0,0,15,3736,0.995985010706638,"TMMwsp",TRUE,FALSE,1.76388949976227,"ctc_pipeline",28,1,1e+05,3e+05,5,208855.5
8821,46,45,1,1720,0.0261627906976744,0.978260869565217,0.0217391304347826,0.1,0.169667688544139,0,0,0,15,3736,0.995985010706638,"TMMwsp",TRUE,FALSE,1.76388949976227,"fix_filter",28,1,1e+05,3e+05,5,208855.5
5987,54,53,1,1720,0.0308139534883721,0.981481481481482,0.0185185185185185,0.1,0.167054873331817,0,0,0,15,3971,0.996222613951146,"TMMwsp",TRUE,FALSE,1.10940021829439,"ablate_filter",28,1,1e+05,3e+05,5,208855.5
11322,93,89,4,1720,0.0517441860465116,0.956989247311828,0.043010752688172,0.1,0.220285846407785,0,0,0,39,3921,0.990308594746238,"TMMwsp",TRUE,FALSE,1.44019930361044,"ctc_pipeline",28,2,3e+05,9e+05,5,714241
11322,93,89,4,1720,0.0517441860465116,0.956989247311828,0.043010752688172,0.1,0.220232215284489,0,0,0,39,3921,0.990308594746238,"TMMwsp",TRUE,FALSE,1.44019930361044,"fix_filter",28,2,3e+05,9e+05,5,714241
7985,97,92,5,1720,0.0534883720930233,0.948453608247423,0.0515463917525773,0.1,0.218766496892089,0,0,0,39,4239,0.990799716914367,"TMMwsp",TRUE,FALSE,0.958143547399813,"ablate_filter",28,2,3e+05,9e+05,5,714241
14735,187,178,9,1720,0.103488372093023,0.951871657754011,0.0481283422459893,0.1,0.315820687688795,0,0,0,87,3210,0.977258566978193,"TMMwsp",TRUE,FALSE,1.00204921973502,"ctc_pipeline",28,3,1e+06,3e+06,5,1919068
14735,187,178,9,1720,0.103488372093023,0.951871657754011,0.0481283422459893,0.1,0.315817757887595,0,0,0,87,3210,0.977258566978193,"TMMwsp",TRUE,FALSE,1.00204921973502,"fix_filter",28,3,1e+06,3e+06,5,1919068
10192,205,192,13,1720,0.111627906976744,0.936585365853659,0.0634146341463415,0.1,0.302515768455648,0,0,0,87,3514,0.975241889584519,"TMMwsp",TRUE,FALSE,0.637249515860432,"ablate_filter",28,3,1e+06,3e+06,5,1919068
17701,425,388,37,1720,0.225581395348837,0.912941176470588,0.0870588235294118,0.1,0.498077799532084,0.191666666666667,0.0332480818414322,0,120,2147,0.981369352585002,"TMMwsp",TRUE,FALSE,0.657577979689387,"ctc_pipeline",28,4,5e+06,1.5e+07,5,11000348
17437,435,392,43,1720,0.227906976744186,0.901149425287356,0.0988505747126437,0.1,0.497836335105126,0.208333333333333,0.0332480818414322,0,120,2459,0.982513216754778,"TMMwsp",TRUE,FALSE,0.649382822922583,"fix_filter",28,4,5e+06,1.5e+07,5,11000348
14367,438,395,43,1720,0.229651162790698,0.901826484018265,0.0981735159817352,0.1,0.48039720023813,0.166666666666667,0.030690537084399,7,120,2789,0.963069200430262,"TMMwsp",TRUE,FALSE,0.51272231941609,"ablate_filter",28,4,5e+06,1.5e+07,5,11000348
18750,681,630,51,1720,0.366279069767442,0.92511013215859,0.0748898678414097,0.1,0.594816366318101,0.975,0.0743405275779376,1,120,906,0.996688741721854,"TMMwsp",TRUE,FALSE,0.458677392939125,"ctc_pipeline",28,5,2e+07,6e+07,5,27171946.5
18397,686,633,53,1720,0.368023255813954,0.922740524781341,0.0772594752186589,0.1,0.594696529651736,0.975,0.0767386091127098,1,120,1794,0.998327759197324,"TMMwsp",TRUE,FALSE,0.447971662212387,"fix_filter",28,5,2e+07,6e+07,5,27171946.5
16552,697,645,52,1720,0.375,0.925394548063128,0.0746054519368723,0.1,0.585304068218772,0.975,0.0767386091127098,6,120,1970,0.995431472081218,"TMMwsp",TRUE,FALSE,0.380285599794124,"ablate_filter",28,5,2e+07,6e+07,5,27171946.5
8881,48,48,0,1720,0.027906976744186,1,0,0.1,0.169376238026785,0,0,0,12,3766,0.996813595326607,"TMMwsp",TRUE,FALSE,1.71337814502637,"ctc_pipeline",29,1,1e+05,3e+05,5,161520.5
8881,48,48,0,1720,0.027906976744186,1,0,0.1,0.170242294131526,0,0,0,12,3766,0.996813595326607,"TMMwsp",TRUE,FALSE,1.71337814502637,"fix_filter",29,1,1e+05,3e+05,5,161520.5
5988,52,51,1,1720,0.0296511627906977,0.980769230769231,0.0192307692307692,0.1,0.163426881090915,0,0,0,12,4004,0.997002997002997,"TMMwsp",TRUE,FALSE,1.00341278979455,"ablate_filter",29,1,1e+05,3e+05,5,161520.5
10934,78,75,3,1720,0.0436046511627907,0.961538461538462,0.0384615384615385,0.1,0.202126368388888,0,0,0,34,3806,0.991066736731477,"TMMwsp",TRUE,FALSE,1.41537734829209,"ctc_pipeline",29,2,3e+05,9e+05,5,534151.5
10934,78,75,3,1720,0.0436046511627907,0.961538461538462,0.0384615384615385,0.1,0.20239775472354,0,0,0,34,3806,0.991066736731477,"TMMwsp",TRUE,FALSE,1.41537734829209,"fix_filter",29,2,3e+05,9e+05,5,534151.5
7258,90,84,6,1720,0.0488372093023256,0.933333333333333,0.0666666666666667,0.1,0.194515854431566,0,0,0,34,4078,0.991662579695929,"TMMwsp",TRUE,FALSE,0.852321756645355,"ablate_filter",29,2,3e+05,9e+05,5,534151.5
14615,196,184,12,1720,0.106976744186047,0.938775510204082,0.0612244897959184,0.1,0.330284593656707,0,0.00731707317073171,0,102,3249,0.97537703908895,"TMMwsp",TRUE,FALSE,1.04702814485626,"ctc_pipeline",29,3,1e+06,3e+06,5,1914181
14615,196,184,12,1720,0.106976744186047,0.938775510204082,0.0612244897959184,0.1,0.330251718187844,0,0.00731707317073171,0,102,3249,0.97537703908895,"TMMwsp",TRUE,FALSE,1.04702814485626,"fix_filter",29,3,1e+06,3e+06,5,1914181
10114,200,188,12,1720,0.109302325581395,0.94,0.06,0.1,0.314319275146464,0,0.00731707317073171,0,102,3574,0.971460548405148,"TMMwsp",TRUE,FALSE,0.677999743827859,"ablate_filter",29,3,1e+06,3e+06,5,1914181
17583,406,379,27,1720,0.220348837209302,0.933497536945813,0.0665024630541872,0.1,0.493413714219582,0.116666666666667,0.0201005025125628,1,120,2170,0.98294930875576,"TMMwsp",TRUE,FALSE,0.662951919167037,"ctc_pipeline",29,4,5e+06,1.5e+07,5,9226369.5
17417,407,380,27,1720,0.22093023255814,0.933660933660934,0.0663390663390663,0.1,0.492967884396218,0.125,0.0201005025125628,1,120,2364,0.983079526226734,"TMMwsp",TRUE,FALSE,0.658465782024157,"fix_filter",29,4,5e+06,1.5e+07,5,9226369.5
13865,423,392,31,1720,0.227906976744186,0.926713947990544,0.0732860520094563,0.1,0.472526448616124,0.108333333333333,0.0201005025125628,3,120,2688,0.959449404761905,"TMMwsp",TRUE,FALSE,0.491830922973944,"ablate_filter",29,4,5e+06,1.5e+07,5,9226369.5
18838,725,660,65,1720,0.383720930232558,0.910344827586207,0.0896551724137931,0.1,0.61250873138045,1,0.054320987654321,0,120,811,1,"TMMwsp",TRUE,FALSE,0.439444716509179,"ctc_pipeline",29,5,2e+07,6e+07,5,35678477
18512,730,663,67,1720,0.38546511627907,0.908219178082192,0.0917808219178082,0.1,0.612185748319599,1,0.0592592592592593,1,120,1745,0.999426934097421,"TMMwsp",TRUE,FALSE,0.43018105259969,"fix_filter",29,5,2e+07,6e+07,5,35678477
17114,741,668,73,1720,0.388372093023256,0.901484480431849,0.0985155195681511,0.1,0.605696170669558,1,0.0592592592592593,4,120,1886,0.997879109225875,"TMMwsp",TRUE,FALSE,0.379466110851348,"ablate_filter",29,5,2e+07,6e+07,5,35678477
8390,57,54,3,1720,0.0313953488372093,0.947368421052632,0.0526315789473684,0.1,0.169158855267652,0,0,0,17,3642,0.995332235035695,"TMMwsp",TRUE,FALSE,1.76339497378631,"ctc_pipeline",30,1,1e+05,3e+05,5,141877.5
8390,57,54,3,1720,0.0313953488372093,0.947368421052632,0.0526315789473684,0.1,0.167578214969201,0,0,0,17,3642,0.995332235035695,"TMMwsp",TRUE,FALSE,1.76339497378631,"fix_filter",30,1,1e+05,3e+05,5,141877.5
5549,58,56,2,1720,0.0325581395348837,0.96551724137931,0.0344827586206897,0.1,0.159930033557825,0,0,0,17,3935,0.995679796696315,"TMMwsp",TRUE,FALSE,1.00413529100248,"ablate_filter",30,1,1e+05,3e+05,5,141877.5
11825,87,84,3,1720,0.0488372093023256,0.96551724137931,0.0344827586206897,0.1,0.239816548718519,0,0,0,43,3813,0.988722790453711,"TMMwsp",TRUE,FALSE,1.36872134295778,"ctc_pipeline",30,2,3e+05,9e+05,5,482745
11825,87,84,3,1720,0.0488372093023256,0.96551724137931,0.0344827586206897,0.1,0.240141220597926,0,0,0,43,3813,0.988722790453711,"TMMwsp",TRUE,FALSE,1.36872134295778,"fix_filter",30,2,3e+05,9e+05,5,482745
7785,101,95,6,1720,0.0552325581395349,0.94059405940594,0.0594059405940594,0.1,0.222860048606775,0,0,0,43,4070,0.98943488943489,"TMMwsp",TRUE,FALSE,0.815432329740413,"ablate_filter",30,2,3e+05,9e+05,5,482745
14836,181,176,5,1720,0.102325581395349,0.972375690607735,0.0276243093922652,0.1,0.316505482700539,0,0,0,96,3111,0.973641915782707,"TMMwsp",TRUE,FALSE,1.00103033127356,"ctc_pipeline",30,3,1e+06,3e+06,5,2272382.5
14836,181,176,5,1720,0.102325581395349,0.972375690607735,0.0276243093922652,0.1,0.316381545374539,0,0,0,96,3111,0.973641915782707,"TMMwsp",TRUE,FALSE,1.00103033127356,"fix_filter",30,3,1e+06,3e+06,5,2272382.5
10443,190,184,6,1720,0.106976744186047,0.968421052631579,0.0315789473684211,0.1,0.298312868599448,0,0,0,96,3414,0.971880492091388,"TMMwsp",TRUE,FALSE,0.662059403533019,"ablate_filter",30,3,1e+06,3e+06,5,2272382.5
18103,435,417,18,1720,0.242441860465116,0.958620689655172,0.0413793103448276,0.1,0.504195992283988,0.3,0.0151133501259446,0,120,2047,0.98485588666341,"TMMwsp",TRUE,FALSE,0.609676059994024,"ctc_pipeline",30,4,5e+06,1.5e+07,5,10904076.5
17835,439,421,18,1720,0.244767441860465,0.958997722095672,0.041002277904328,0.1,0.504322789954929,0.316666666666667,0.0151133501259446,0,120,2439,0.986059860598606,"TMMwsp",TRUE,FALSE,0.600990189233016,"fix_filter",30,4,5e+06,1.5e+07,5,10904076.5
14774,458,433,25,1720,0.251744186046512,0.945414847161572,0.054585152838428,0.1,0.487935773518475,0.258333333333333,0.017632241813602,9,120,2715,0.966114180478821,"TMMwsp",TRUE,FALSE,0.464788329601029,"ablate_filter",30,4,5e+06,1.5e+07,5,10904076.5
18595,664,616,48,1720,0.358139534883721,0.927710843373494,0.072289156626506,0.1,0.596435067661682,0.95,0.0578947368421053,0,120,931,0.998925886143931,"TMMwsp",TRUE,FALSE,0.470857530995981,"ctc_pipeline",30,5,2e+07,6e+07,5,35442560
18219,667,617,50,1720,0.358720930232558,0.92503748125937,0.0749625187406297,0.1,0.596273273474049,0.95,0.0578947368421053,0,120,1969,0.999492127983748,"TMMwsp",TRUE,FALSE,0.458820060583937,"fix_filter",30,5,2e+07,6e+07,5,35442560
16792,680,627,53,1720,0.36453488372093,0.922058823529412,0.0779411764705882,0.1,0.591595434867445,0.95,0.0552631578947368,4,120,2118,0.995750708215297,"TMMwsp",TRUE,FALSE,0.404734000568951,"ablate_filter",30,5,2e+07,6e+07,5,35442560
