"arm","perm","mode","n_tested","n_significant","batch_in_model","failed"
"ctc_pipeline",1,"balanced",13248,1174,TRUE,FALSE
"edger_default",1,"balanced",6156,174,TRUE,FALSE
"ablate_filter",1,"balanced",8998,511,TRUE,FALSE
"ablate_exclusive",1,"balanced",10407,924,TRUE,FALSE
"ablate_tmmwsp",1,"balanced",13248,1157,TRUE,FALSE
"ablate_priorcount",1,"balanced",13248,1174,TRUE,FALSE
"ablate_fdr",1,"balanced",13248,611,TRUE,FALSE
"ablate_shrinkfloor",1,"balanced",13248,1174,TRUE,FALSE
"ablate_lowinput",1,"balanced",13248,1174,TRUE,FALSE
"batch_removed",1,"balanced",8629,2579,FALSE,FALSE
"batch_ignored",1,"balanced",8629,2912,FALSE,FALSE
"fix_filter",1,"balanced",13198,1164,TRUE,FALSE
"ctc_pipeline",2,"balanced",13180,1062,TRUE,FALSE
"edger_default",2,"balanced",6156,192,TRUE,FALSE
"ablate_filter",2,"balanced",8932,462,TRUE,FALSE
"ablate_exclusive",2,"balanced",10407,852,TRUE,FALSE
"ablate_tmmwsp",2,"balanced",13180,1084,TRUE,FALSE
"ablate_priorcount",2,"balanced",13180,1062,TRUE,FALSE
"ablate_fdr",2,"balanced",13180,527,TRUE,FALSE
"ablate_shrinkfloor",2,"balanced",13180,1062,TRUE,FALSE
"ablate_lowinput",2,"balanced",13180,1062,TRUE,FALSE
"batch_removed",2,"balanced",8563,2416,FALSE,FALSE
"batch_ignored",2,"balanced",8563,2839,FALSE,FALSE
"fix_filter",2,"balanced",13130,1044,TRUE,FALSE
"ctc_pipeline",3,"balanced",13180,1196,TRUE,FALSE
"edger_default",3,"balanced",6156,237,TRUE,FALSE
"ablate_filter",3,"balanced",8932,581,TRUE,FALSE
"ablate_exclusive",3,"balanced",10407,940,TRUE,FALSE
"ablate_tmmwsp",3,"balanced",13180,1193,TRUE,FALSE
"ablate_priorcount",3,"balanced",13180,1196,TRUE,FALSE
"ablate_fdr",3,"balanced",13180,630,TRUE,FALSE
"ablate_shrinkfloor",3,"balanced",13180,1196,TRUE,FALSE
"ablate_lowinput",3,"balanced",13180,1196,TRUE,FALSE
"batch_removed",3,"balanced",8563,2492,FALSE,FALSE
"batch_ignored",3,"balanced",8563,2822,FALSE,FALSE
"fix_filter",3,"balanced",13130,1190,TRUE,FALSE
"ctc_pipeline",4,"balanced",13256,1101,TRUE,FALSE
"edger_default",4,"balanced",6156,204,TRUE,FALSE
"ablate_filter",4,"balanced",9007,588,TRUE,FALSE
"ablate_exclusive",4,"balanced",10407,783,TRUE,FALSE
"ablate_tmmwsp",4,"balanced",13256,1089,TRUE,FALSE
"ablate_priorcount",4,"balanced",13256,1101,TRUE,FALSE
"ablate_fdr",4,"balanced",13256,568,TRUE,FALSE
"ablate_shrinkfloor",4,"balanced",13256,1101,TRUE,FALSE
"ablate_lowinput",4,"balanced",13256,1101,TRUE,FALSE
"batch_removed",4,"balanced",8638,2448,FALSE,FALSE
"batch_ignored",4,"balanced",8638,2781,FALSE,FALSE
"fix_filter",4,"balanced",13206,1094,TRUE,FALSE
"ctc_pipeline",5,"balanced",13275,1167,TRUE,FALSE
"edger_default",5,"balanced",6156,227,TRUE,FALSE
"ablate_filter",5,"balanced",9030,594,TRUE,FALSE
"ablate_exclusive",5,"balanced",10407,919,TRUE,FALSE
"ablate_tmmwsp",5,"balanced",13275,1217,TRUE,FALSE
"ablate_priorcount",5,"balanced",13275,1167,TRUE,FALSE
"ablate_fdr",5,"balanced",13275,633,TRUE,FALSE
"ablate_shrinkfloor",5,"balanced",13275,1167,TRUE,FALSE
"ablate_lowinput",5,"balanced",13275,1167,TRUE,FALSE
"batch_removed",5,"balanced",8662,2490,FALSE,FALSE
"batch_ignored",5,"balanced",8662,2872,FALSE,FALSE
"fix_filter",5,"balanced",13225,1156,TRUE,FALSE
"ctc_pipeline",6,"balanced",13191,1204,TRUE,FALSE
"edger_default",6,"balanced",6156,246,TRUE,FALSE
"ablate_filter",6,"balanced",8941,634,TRUE,FALSE
"ablate_exclusive",6,"balanced",10407,922,TRUE,FALSE
"ablate_tmmwsp",6,"balanced",13191,1233,TRUE,FALSE
"ablate_priorcount",6,"balanced",13191,1204,TRUE,FALSE
"ablate_fdr",6,"balanced",13191,688,TRUE,FALSE
"ablate_shrinkfloor",6,"balanced",13191,1204,TRUE,FALSE
"ablate_lowinput",6,"balanced",13191,1204,TRUE,FALSE
"batch_removed",6,"balanced",8572,2572,FALSE,FALSE
"batch_ignored",6,"balanced",8572,2909,FALSE,FALSE
"fix_filter",6,"balanced",13141,1202,TRUE,FALSE
"ctc_pipeline",7,"balanced",13183,1134,TRUE,FALSE
"edger_default",7,"balanced",6156,176,TRUE,FALSE
"ablate_filter",7,"balanced",8933,550,TRUE,FALSE
"ablate_exclusive",7,"balanced",10407,874,TRUE,FALSE
"ablate_tmmwsp",7,"balanced",13183,1123,TRUE,FALSE
"ablate_priorcount",7,"balanced",13183,1134,TRUE,FALSE
"ablate_fdr",7,"balanced",13183,554,TRUE,FALSE
"ablate_shrinkfloor",7,"balanced",13183,1134,TRUE,FALSE
"ablate_lowinput",7,"balanced",13183,1134,TRUE,FALSE
"batch_removed",7,"balanced",8564,2453,FALSE,FALSE
"batch_ignored",7,"balanced",8564,2751,FALSE,FALSE
"fix_filter",7,"balanced",13132,1125,TRUE,FALSE
"ctc_pipeline",8,"balanced",13164,1213,TRUE,FALSE
"edger_default",8,"balanced",6156,223,TRUE,FALSE
"ablate_filter",8,"balanced",8916,532,TRUE,FALSE
"ablate_exclusive",8,"balanced",10407,984,TRUE,FALSE
"ablate_tmmwsp",8,"balanced",13164,1266,TRUE,FALSE
"ablate_priorcount",8,"balanced",13164,1213,TRUE,FALSE
"ablate_fdr",8,"balanced",13164,681,TRUE,FALSE
"ablate_shrinkfloor",8,"balanced",13164,1213,TRUE,FALSE
"ablate_lowinput",8,"balanced",13164,1213,TRUE,FALSE
"batch_removed",8,"balanced",8547,2538,FALSE,FALSE
"batch_ignored",8,"balanced",8547,2848,FALSE,FALSE
"fix_filter",8,"balanced",13114,1203,TRUE,FALSE
"ctc_pipeline",9,"balanced",13273,923,TRUE,FALSE
"edger_default",9,"balanced",6156,226,TRUE,FALSE
"ablate_filter",9,"balanced",9032,471,TRUE,FALSE
"ablate_exclusive",9,"balanced",10407,737,TRUE,FALSE
"ablate_tmmwsp",9,"balanced",13273,926,TRUE,FALSE
"ablate_priorcount",9,"balanced",13273,923,TRUE,FALSE
"ablate_fdr",9,"balanced",13273,488,TRUE,FALSE
"ablate_shrinkfloor",9,"balanced",13273,923,TRUE,FALSE
"ablate_lowinput",9,"balanced",13273,923,TRUE,FALSE
"batch_removed",9,"balanced",8663,2503,FALSE,FALSE
"batch_ignored",9,"balanced",8663,2892,FALSE,FALSE
"fix_filter",9,"balanced",13222,913,TRUE,FALSE
"ctc_pipeline",10,"balanced",13145,938,TRUE,FALSE
"edger_default",10,"balanced",6156,199,TRUE,FALSE
"ablate_filter",10,"balanced",8895,428,TRUE,FALSE
"ablate_exclusive",10,"balanced",10407,786,TRUE,FALSE
"ablate_tmmwsp",10,"balanced",13145,961,TRUE,FALSE
"ablate_priorcount",10,"balanced",13145,938,TRUE,FALSE
"ablate_fdr",10,"balanced",13145,431,TRUE,FALSE
"ablate_shrinkfloor",10,"balanced",13145,938,TRUE,FALSE
"ablate_lowinput",10,"balanced",13145,938,TRUE,FALSE
"batch_removed",10,"balanced",8526,2492,FALSE,FALSE
"batch_ignored",10,"balanced",8526,2819,FALSE,FALSE
"fix_filter",10,"balanced",13094,923,TRUE,FALSE
"ctc_pipeline",11,"balanced",13223,1171,TRUE,FALSE
"edger_default",11,"balanced",6156,232,TRUE,FALSE
"ablate_filter",11,"balanced",8977,609,TRUE,FALSE
"ablate_exclusive",11,"balanced",10407,886,TRUE,FALSE
"ablate_tmmwsp",11,"balanced",13223,1279,TRUE,FALSE
"ablate_priorcount",11,"balanced",13223,1171,TRUE,FALSE
"ablate_fdr",11,"balanced",13223,646,TRUE,FALSE
"ablate_shrinkfloor",11,"balanced",13223,1171,TRUE,FALSE
"ablate_lowinput",11,"balanced",13223,1171,TRUE,FALSE
"batch_removed",11,"balanced",8608,2510,FALSE,FALSE
"batch_ignored",11,"balanced",8608,2894,FALSE,FALSE
"fix_filter",11,"balanced",13172,1163,TRUE,FALSE
"ctc_pipeline",12,"balanced",13157,1351,TRUE,FALSE
"edger_default",12,"balanced",6156,329,TRUE,FALSE
"ablate_filter",12,"balanced",8908,748,TRUE,FALSE
"ablate_exclusive",12,"balanced",10407,1083,TRUE,FALSE
"ablate_tmmwsp",12,"balanced",13157,1386,TRUE,FALSE
"ablate_priorcount",12,"balanced",13157,1351,TRUE,FALSE
"ablate_fdr",12,"balanced",13157,741,TRUE,FALSE
"ablate_shrinkfloor",12,"balanced",13157,1351,TRUE,FALSE
"ablate_lowinput",12,"balanced",13157,1351,TRUE,FALSE
"batch_removed",12,"balanced",8539,2590,FALSE,FALSE
"batch_ignored",12,"balanced",8539,2917,FALSE,FALSE
"fix_filter",12,"balanced",13106,1340,TRUE,FALSE
"ctc_pipeline",13,"balanced",13225,1268,TRUE,FALSE
"edger_default",13,"balanced",6156,253,TRUE,FALSE
"ablate_filter",13,"balanced",8980,666,TRUE,FALSE
"ablate_exclusive",13,"balanced",10407,1017,TRUE,FALSE
"ablate_tmmwsp",13,"balanced",13225,1399,TRUE,FALSE
"ablate_priorcount",13,"balanced",13225,1268,TRUE,FALSE
"ablate_fdr",13,"balanced",13225,650,TRUE,FALSE
"ablate_shrinkfloor",13,"balanced",13225,1268,TRUE,FALSE
"ablate_lowinput",13,"balanced",13225,1268,TRUE,FALSE
"batch_removed",13,"balanced",8611,2576,FALSE,FALSE
"batch_ignored",13,"balanced",8611,2956,FALSE,FALSE
"fix_filter",13,"balanced",13174,1244,TRUE,FALSE
"ctc_pipeline",14,"balanced",13139,1115,TRUE,FALSE
"edger_default",14,"balanced",6156,186,TRUE,FALSE
"ablate_filter",14,"balanced",8893,535,TRUE,FALSE
"ablate_exclusive",14,"balanced",10407,908,TRUE,FALSE
"ablate_tmmwsp",14,"balanced",13139,1080,TRUE,FALSE
"ablate_priorcount",14,"balanced",13139,1115,TRUE,FALSE
"ablate_fdr",14,"balanced",13139,617,TRUE,FALSE
"ablate_shrinkfloor",14,"balanced",13139,1115,TRUE,FALSE
"ablate_lowinput",14,"balanced",13139,1115,TRUE,FALSE
"batch_removed",14,"balanced",8524,2461,FALSE,FALSE
"batch_ignored",14,"balanced",8524,2825,FALSE,FALSE
"fix_filter",14,"balanced",13088,1115,TRUE,FALSE
"ctc_pipeline",15,"balanced",13082,1046,TRUE,FALSE
"edger_default",15,"balanced",6156,254,TRUE,FALSE
"ablate_filter",15,"balanced",8832,529,TRUE,FALSE
"ablate_exclusive",15,"balanced",10407,836,TRUE,FALSE
"ablate_tmmwsp",15,"balanced",13082,1060,TRUE,FALSE
"ablate_priorcount",15,"balanced",13082,1046,TRUE,FALSE
"ablate_fdr",15,"balanced",13082,556,TRUE,FALSE
"ablate_shrinkfloor",15,"balanced",13082,1046,TRUE,FALSE
"ablate_lowinput",15,"balanced",13082,1046,TRUE,FALSE
"batch_removed",15,"balanced",8463,2549,FALSE,FALSE
"batch_ignored",15,"balanced",8463,2935,FALSE,FALSE
"fix_filter",15,"balanced",13031,1042,TRUE,FALSE
"ctc_pipeline",16,"balanced",13148,1109,TRUE,FALSE
"edger_default",16,"balanced",6156,253,TRUE,FALSE
"ablate_filter",16,"balanced",8900,611,TRUE,FALSE
"ablate_exclusive",16,"balanced",10407,877,TRUE,FALSE
"ablate_tmmwsp",16,"balanced",13148,1136,TRUE,FALSE
"ablate_priorcount",16,"balanced",13148,1109,TRUE,FALSE
"ablate_fdr",16,"balanced",13148,594,TRUE,FALSE
"ablate_shrinkfloor",16,"balanced",13148,1109,TRUE,FALSE
"ablate_lowinput",16,"balanced",13148,1109,TRUE,FALSE
"batch_removed",16,"balanced",8531,2561,FALSE,FALSE
"batch_ignored",16,"balanced",8531,2919,FALSE,FALSE
"fix_filter",16,"balanced",13098,1105,TRUE,FALSE
"ctc_pipeline",17,"balanced",13151,1061,TRUE,FALSE
"edger_default",17,"balanced",6156,232,TRUE,FALSE
"ablate_filter",17,"balanced",8904,567,TRUE,FALSE
"ablate_exclusive",17,"balanced",10407,873,TRUE,FALSE
"ablate_tmmwsp",17,"balanced",13151,1051,TRUE,FALSE
"ablate_priorcount",17,"balanced",13151,1061,TRUE,FALSE
"ablate_fdr",17,"balanced",13151,551,TRUE,FALSE
"ablate_shrinkfloor",17,"balanced",13151,1061,TRUE,FALSE
"ablate_lowinput",17,"balanced",13151,1061,TRUE,FALSE
"batch_removed",17,"balanced",8536,2476,FALSE,FALSE
"batch_ignored",17,"balanced",8536,2853,FALSE,FALSE
"fix_filter",17,"balanced",13100,1039,TRUE,FALSE
"ctc_pipeline",18,"balanced",13214,1153,TRUE,FALSE
"edger_default",18,"balanced",6156,251,TRUE,FALSE
"ablate_filter",18,"balanced",8965,642,TRUE,FALSE
"ablate_exclusive",18,"balanced",10407,927,TRUE,FALSE
"ablate_tmmwsp",18,"balanced",13214,1182,TRUE,FALSE
"ablate_priorcount",18,"balanced",13214,1153,TRUE,FALSE
"ablate_fdr",18,"balanced",13214,607,TRUE,FALSE
"ablate_shrinkfloor",18,"balanced",13214,1153,TRUE,FALSE
"ablate_lowinput",18,"balanced",13214,1153,TRUE,FALSE
"batch_removed",18,"balanced",8596,2587,FALSE,FALSE
"batch_ignored",18,"balanced",8596,2869,FALSE,FALSE
"fix_filter",18,"balanced",13163,1148,TRUE,FALSE
"ctc_pipeline",19,"balanced",13175,1192,TRUE,FALSE
"edger_default",19,"balanced",6156,225,TRUE,FALSE
"ablate_filter",19,"balanced",8928,608,TRUE,FALSE
"ablate_exclusive",19,"balanced",10407,932,TRUE,FALSE
"ablate_tmmwsp",19,"balanced",13175,1240,TRUE,FALSE
"ablate_priorcount",19,"balanced",13175,1192,TRUE,FALSE
"ablate_fdr",19,"balanced",13175,685,TRUE,FALSE
"ablate_shrinkfloor",19,"balanced",13175,1192,TRUE,FALSE
"ablate_lowinput",19,"balanced",13175,1192,TRUE,FALSE
"batch_removed",19,"balanced",8559,2490,FALSE,FALSE
"batch_ignored",19,"balanced",8559,2852,FALSE,FALSE
"fix_filter",19,"balanced",13124,1187,TRUE,FALSE
"ctc_pipeline",20,"balanced",13323,1215,TRUE,FALSE
"edger_default",20,"balanced",6156,342,TRUE,FALSE
"ablate_filter",20,"balanced",9079,656,TRUE,FALSE
"ablate_exclusive",20,"balanced",10407,973,TRUE,FALSE
"ablate_tmmwsp",20,"balanced",13323,1429,TRUE,FALSE
"ablate_priorcount",20,"balanced",13323,1215,TRUE,FALSE
"ablate_fdr",20,"balanced",13323,592,TRUE,FALSE
"ablate_shrinkfloor",20,"balanced",13323,1215,TRUE,FALSE
"ablate_lowinput",20,"balanced",13323,1215,TRUE,FALSE
"batch_removed",20,"balanced",8710,2667,FALSE,FALSE
"batch_ignored",20,"balanced",8710,2865,FALSE,FALSE
"fix_filter",20,"balanced",13273,1220,TRUE,FALSE
"ctc_pipeline",21,"balanced",13216,1243,TRUE,FALSE
"edger_default",21,"balanced",6156,226,TRUE,FALSE
"ablate_filter",21,"balanced",8970,624,TRUE,FALSE
"ablate_exclusive",21,"balanced",10407,957,TRUE,FALSE
"ablate_tmmwsp",21,"balanced",13216,1222,TRUE,FALSE
"ablate_priorcount",21,"balanced",13216,1243,TRUE,FALSE
"ablate_fdr",21,"balanced",13216,587,TRUE,FALSE
"ablate_shrinkfloor",21,"balanced",13216,1243,TRUE,FALSE
"ablate_lowinput",21,"balanced",13216,1243,TRUE,FALSE
"batch_removed",21,"balanced",8601,2508,FALSE,FALSE
"batch_ignored",21,"balanced",8601,2928,FALSE,FALSE
"fix_filter",21,"balanced",13167,1235,TRUE,FALSE
"ctc_pipeline",22,"balanced",13151,878,TRUE,FALSE
"edger_default",22,"balanced",6156,135,TRUE,FALSE
"ablate_filter",22,"balanced",8902,432,TRUE,FALSE
"ablate_exclusive",22,"balanced",10407,698,TRUE,FALSE
"ablate_tmmwsp",22,"balanced",13151,830,TRUE,FALSE
"ablate_priorcount",22,"balanced",13151,878,TRUE,FALSE
"ablate_fdr",22,"balanced",13151,417,TRUE,FALSE
"ablate_shrinkfloor",22,"balanced",13151,878,TRUE,FALSE
"ablate_lowinput",22,"balanced",13151,878,TRUE,FALSE
"batch_removed",22,"balanced",8533,2441,FALSE,FALSE
"batch_ignored",22,"balanced",8533,2803,FALSE,FALSE
"fix_filter",22,"balanced",13100,870,TRUE,FALSE
"ctc_pipeline",23,"balanced",13147,1130,TRUE,FALSE
"edger_default",23,"balanced",6156,207,TRUE,FALSE
"ablate_filter",23,"balanced",8900,537,TRUE,FALSE
"ablate_exclusive",23,"balanced",10407,913,TRUE,FALSE
"ablate_tmmwsp",23,"balanced",13147,1084,TRUE,FALSE
"ablate_priorcount",23,"balanced",13147,1130,TRUE,FALSE
"ablate_fdr",23,"balanced",13147,583,TRUE,FALSE
"ablate_shrinkfloor",23,"balanced",13147,1130,TRUE,FALSE
"ablate_lowinput",23,"balanced",13147,1130,TRUE,FALSE
"batch_removed",23,"balanced",8531,2485,FALSE,FALSE
"batch_ignored",23,"balanced",8531,2870,FALSE,FALSE
"fix_filter",23,"balanced",13096,1128,TRUE,FALSE
"ctc_pipeline",24,"balanced",13166,1044,TRUE,FALSE
"edger_default",24,"balanced",6156,180,TRUE,FALSE
"ablate_filter",24,"balanced",8924,505,TRUE,FALSE
"ablate_exclusive",24,"balanced",10407,806,TRUE,FALSE
"ablate_tmmwsp",24,"balanced",13166,1040,TRUE,FALSE
"ablate_priorcount",24,"balanced",13166,1044,TRUE,FALSE
"ablate_fdr",24,"balanced",13166,568,TRUE,FALSE
"ablate_shrinkfloor",24,"balanced",13166,1044,TRUE,FALSE
"ablate_lowinput",24,"balanced",13166,1044,TRUE,FALSE
"batch_removed",24,"balanced",8555,2477,FALSE,FALSE
"batch_ignored",24,"balanced",8555,2793,FALSE,FALSE
"fix_filter",24,"balanced",13116,1038,TRUE,FALSE
"ctc_pipeline",25,"balanced",13155,1139,TRUE,FALSE
"edger_default",25,"balanced",6156,225,TRUE,FALSE
"ablate_filter",25,"balanced",8906,558,TRUE,FALSE
"ablate_exclusive",25,"balanced",10407,912,TRUE,FALSE
"ablate_tmmwsp",25,"balanced",13155,1093,TRUE,FALSE
"ablate_priorcount",25,"balanced",13155,1139,TRUE,FALSE
"ablate_fdr",25,"balanced",13155,606,TRUE,FALSE
"ablate_shrinkfloor",25,"balanced",13155,1139,TRUE,FALSE
"ablate_lowinput",25,"balanced",13155,1139,TRUE,FALSE
"batch_removed",25,"balanced",8537,2391,FALSE,FALSE
"batch_ignored",25,"balanced",8537,2739,FALSE,FALSE
"fix_filter",25,"balanced",13104,1136,TRUE,FALSE
"ctc_pipeline",26,"balanced",13163,938,TRUE,FALSE
"edger_default",26,"balanced",6156,218,TRUE,FALSE
"ablate_filter",26,"balanced",8913,477,TRUE,FALSE
"ablate_exclusive",26,"balanced",10407,774,TRUE,FALSE
"ablate_tmmwsp",26,"balanced",13163,1149,TRUE,FALSE
"ablate_priorcount",26,"balanced",13163,938,TRUE,FALSE
"ablate_fdr",26,"balanced",13163,469,TRUE,FALSE
"ablate_shrinkfloor",26,"balanced",13163,938,TRUE,FALSE
"ablate_lowinput",26,"balanced",13163,938,TRUE,FALSE
"batch_removed",26,"balanced",8544,2471,FALSE,FALSE
"batch_ignored",26,"balanced",8544,2858,FALSE,FALSE
"fix_filter",26,"balanced",13112,941,TRUE,FALSE
"ctc_pipeline",27,"balanced",13155,989,TRUE,FALSE
"edger_default",27,"balanced",6156,177,TRUE,FALSE
"ablate_filter",27,"balanced",8906,510,TRUE,FALSE
"ablate_exclusive",27,"balanced",10407,748,TRUE,FALSE
"ablate_tmmwsp",27,"balanced",13155,999,TRUE,FALSE
"ablate_priorcount",27,"balanced",13155,989,TRUE,FALSE
"ablate_fdr",27,"balanced",13155,534,TRUE,FALSE
"ablate_shrinkfloor",27,"balanced",13155,989,TRUE,FALSE
"ablate_lowinput",27,"balanced",13155,989,TRUE,FALSE
"batch_removed",27,"balanced",8537,2560,FALSE,FALSE
"batch_ignored",27,"balanced",8537,2858,FALSE,FALSE
"fix_filter",27,"balanced",13104,989,TRUE,FALSE
"ctc_pipeline",28,"balanced",13239,1623,TRUE,FALSE
"edger_default",28,"balanced",6156,346,TRUE,FALSE
"ablate_filter",28,"balanced",8991,887,TRUE,FALSE
"ablate_exclusive",28,"balanced",10407,1255,TRUE,FALSE
"ablate_tmmwsp",28,"balanced",13239,1747,TRUE,FALSE
"ablate_priorcount",28,"balanced",13239,1623,TRUE,FALSE
"ablate_fdr",28,"balanced",13239,978,TRUE,FALSE
"ablate_shrinkfloor",28,"balanced",13239,1623,TRUE,FALSE
"ablate_lowinput",28,"balanced",13239,1623,TRUE,FALSE
"batch_removed",28,"balanced",8622,2697,FALSE,FALSE
"batch_ignored",28,"balanced",8622,3041,FALSE,FALSE
"fix_filter",28,"balanced",13188,1604,TRUE,FALSE
"ctc_pipeline",29,"balanced",13134,938,TRUE,FALSE
"edger_default",29,"balanced",6156,223,TRUE,FALSE
"ablate_filter",29,"balanced",8889,450,TRUE,FALSE
"ablate_exclusive",29,"balanced",10407,796,TRUE,FALSE
"ablate_tmmwsp",29,"balanced",13134,1002,TRUE,FALSE
"ablate_priorcount",29,"balanced",13134,938,TRUE,FALSE
"ablate_fdr",29,"balanced",13134,467,TRUE,FALSE
"ablate_shrinkfloor",29,"balanced",13134,938,TRUE,FALSE
"ablate_lowinput",29,"balanced",13134,938,TRUE,FALSE
"batch_removed",29,"balanced",8520,2446,FALSE,FALSE
"batch_ignored",29,"balanced",8520,2753,FALSE,FALSE
"fix_filter",29,"balanced",13083,941,TRUE,FALSE
"ctc_pipeline",30,"balanced",13212,1204,TRUE,FALSE
"edger_default",30,"balanced",6156,230,TRUE,FALSE
"ablate_filter",30,"balanced",8964,625,TRUE,FALSE
"ablate_exclusive",30,"balanced",10407,983,TRUE,FALSE
"ablate_tmmwsp",30,"balanced",13212,1287,TRUE,FALSE
"ablate_priorcount",30,"balanced",13212,1204,TRUE,FALSE
"ablate_fdr",30,"balanced",13212,527,TRUE,FALSE
"ablate_shrinkfloor",30,"balanced",13212,1204,TRUE,FALSE
"ablate_lowinput",30,"balanced",13212,1204,TRUE,FALSE
"batch_removed",30,"balanced",8595,2621,FALSE,FALSE
"batch_ignored",30,"balanced",8595,2836,FALSE,FALSE
"fix_filter",30,"balanced",13161,1200,TRUE,FALSE
"ctc_pipeline",31,"balanced",13256,1265,TRUE,FALSE
"edger_default",31,"balanced",6156,402,TRUE,FALSE
"ablate_filter",31,"balanced",9009,711,TRUE,FALSE
"ablate_exclusive",31,"balanced",10407,1066,TRUE,FALSE
"ablate_tmmwsp",31,"balanced",13256,1477,TRUE,FALSE
"ablate_priorcount",31,"balanced",13256,1265,TRUE,FALSE
"ablate_fdr",31,"balanced",13256,629,TRUE,FALSE
"ablate_shrinkfloor",31,"balanced",13256,1265,TRUE,FALSE
"ablate_lowinput",31,"balanced",13256,1265,TRUE,FALSE
"batch_removed",31,"balanced",8640,2743,FALSE,FALSE
"batch_ignored",31,"balanced",8640,2953,FALSE,FALSE
"fix_filter",31,"balanced",13207,1256,TRUE,FALSE
"ctc_pipeline",32,"balanced",13126,1032,TRUE,FALSE
"edger_default",32,"balanced",6156,224,TRUE,FALSE
"ablate_filter",32,"balanced",8877,579,TRUE,FALSE
"ablate_exclusive",32,"balanced",10407,822,TRUE,FALSE
"ablate_tmmwsp",32,"balanced",13126,1093,TRUE,FALSE
"ablate_priorcount",32,"balanced",13126,1032,TRUE,FALSE
"ablate_fdr",32,"balanced",13126,405,TRUE,FALSE
"ablate_shrinkfloor",32,"balanced",13126,1032,TRUE,FALSE
"ablate_lowinput",32,"balanced",13126,1032,TRUE,FALSE
"batch_removed",32,"balanced",8508,2470,FALSE,FALSE
"batch_ignored",32,"balanced",8508,2897,FALSE,FALSE
"fix_filter",32,"balanced",13075,1024,TRUE,FALSE
"ctc_pipeline",33,"balanced",13170,995,TRUE,FALSE
"edger_default",33,"balanced",6156,213,TRUE,FALSE
"ablate_filter",33,"balanced",8922,523,TRUE,FALSE
"ablate_exclusive",33,"balanced",10407,813,TRUE,FALSE
"ablate_tmmwsp",33,"balanced",13170,1204,TRUE,FALSE
"ablate_priorcount",33,"balanced",13170,995,TRUE,FALSE
"ablate_fdr",33,"balanced",13170,526,TRUE,FALSE
"ablate_shrinkfloor",33,"balanced",13170,995,TRUE,FALSE
"ablate_lowinput",33,"balanced",13170,995,TRUE,FALSE
"batch_removed",33,"balanced",8553,2472,FALSE,FALSE
"batch_ignored",33,"balanced",8553,2776,FALSE,FALSE
"fix_filter",33,"balanced",13120,990,TRUE,FALSE
"ctc_pipeline",34,"balanced",13213,993,TRUE,FALSE
"edger_default",34,"balanced",6156,141,TRUE,FALSE
"ablate_filter",34,"balanced",8962,478,TRUE,FALSE
"ablate_exclusive",34,"balanced",10407,714,TRUE,FALSE
"ablate_tmmwsp",34,"balanced",13213,978,TRUE,FALSE
"ablate_priorcount",34,"balanced",13213,993,TRUE,FALSE
"ablate_fdr",34,"balanced",13213,497,TRUE,FALSE
"ablate_shrinkfloor",34,"balanced",13213,993,TRUE,FALSE
"ablate_lowinput",34,"balanced",13213,993,TRUE,FALSE
"batch_removed",34,"balanced",8593,2508,FALSE,FALSE
"batch_ignored",34,"balanced",8593,2993,FALSE,FALSE
"fix_filter",34,"balanced",13162,985,TRUE,FALSE
"ctc_pipeline",35,"balanced",13162,1137,TRUE,FALSE
"edger_default",35,"balanced",6156,165,TRUE,FALSE
"ablate_filter",35,"balanced",8914,548,TRUE,FALSE
"ablate_exclusive",35,"balanced",10407,909,TRUE,FALSE
"ablate_tmmwsp",35,"balanced",13162,1116,TRUE,FALSE
"ablate_priorcount",35,"balanced",13162,1137,TRUE,FALSE
"ablate_fdr",35,"balanced",13162,648,TRUE,FALSE
"ablate_shrinkfloor",35,"balanced",13162,1137,TRUE,FALSE
"ablate_lowinput",35,"balanced",13162,1137,TRUE,FALSE
"batch_removed",35,"balanced",8545,2604,FALSE,FALSE
"batch_ignored",35,"balanced",8545,2935,FALSE,FALSE
"fix_filter",35,"balanced",13113,1122,TRUE,FALSE
"ctc_pipeline",36,"balanced",13223,1044,TRUE,FALSE
"edger_default",36,"balanced",6156,186,TRUE,FALSE
"ablate_filter",36,"balanced",8976,541,TRUE,FALSE
"ablate_exclusive",36,"balanced",10407,720,TRUE,FALSE
"ablate_tmmwsp",36,"balanced",13223,1117,TRUE,FALSE
"ablate_priorcount",36,"balanced",13223,1044,TRUE,FALSE
"ablate_fdr",36,"balanced",13223,609,TRUE,FALSE
"ablate_shrinkfloor",36,"balanced",13223,1044,TRUE,FALSE
"ablate_lowinput",36,"balanced",13223,1044,TRUE,FALSE
"batch_removed",36,"balanced",8607,2488,FALSE,FALSE
"batch_ignored",36,"balanced",8607,2875,FALSE,FALSE
"fix_filter",36,"balanced",13173,1034,TRUE,FALSE
"ctc_pipeline",37,"balanced",13304,1571,TRUE,FALSE
"edger_default",37,"balanced",6156,802,TRUE,FALSE
"ablate_filter",37,"balanced",9071,1048,TRUE,FALSE
"ablate_exclusive",37,"balanced",10407,1389,TRUE,FALSE
"ablate_tmmwsp",37,"balanced",13304,1983,TRUE,FALSE
"ablate_priorcount",37,"balanced",13304,1571,TRUE,FALSE
"ablate_fdr",37,"balanced",13304,918,TRUE,FALSE
"ablate_shrinkfloor",37,"balanced",13304,1571,TRUE,FALSE
"ablate_lowinput",37,"balanced",13304,1571,TRUE,FALSE
"batch_removed",37,"balanced",8702,3279,FALSE,FALSE
"batch_ignored",37,"balanced",8702,3101,FALSE,FALSE
"fix_filter",37,"balanced",13254,1561,TRUE,FALSE
"ctc_pipeline",38,"balanced",13289,1485,TRUE,FALSE
"edger_default",38,"balanced",6156,412,TRUE,FALSE
"ablate_filter",38,"balanced",9039,928,TRUE,FALSE
"ablate_exclusive",38,"balanced",10407,1227,TRUE,FALSE
"ablate_tmmwsp",38,"balanced",13289,1443,TRUE,FALSE
"ablate_priorcount",38,"balanced",13289,1485,TRUE,FALSE
"ablate_fdr",38,"balanced",13289,768,TRUE,FALSE
"ablate_shrinkfloor",38,"balanced",13289,1485,TRUE,FALSE
"ablate_lowinput",38,"balanced",13289,1485,TRUE,FALSE
"batch_removed",38,"balanced",8670,2697,FALSE,FALSE
"batch_ignored",38,"balanced",8670,3007,FALSE,FALSE
"fix_filter",38,"balanced",13238,1479,TRUE,FALSE
"ctc_pipeline",39,"balanced",13242,875,TRUE,FALSE
"edger_default",39,"balanced",6156,156,TRUE,FALSE
"ablate_filter",39,"balanced",8996,416,TRUE,FALSE
"ablate_exclusive",39,"balanced",10407,676,TRUE,FALSE
"ablate_tmmwsp",39,"balanced",13242,864,TRUE,FALSE
"ablate_priorcount",39,"balanced",13242,875,TRUE,FALSE
"ablate_fdr",39,"balanced",13242,446,TRUE,FALSE
"ablate_shrinkfloor",39,"balanced",13242,875,TRUE,FALSE
"ablate_lowinput",39,"balanced",13242,875,TRUE,FALSE
"batch_removed",39,"balanced",8627,2446,FALSE,FALSE
"batch_ignored",39,"balanced",8627,2945,FALSE,FALSE
"fix_filter",39,"balanced",13191,868,TRUE,FALSE
"ctc_pipeline",40,"balanced",13135,1216,TRUE,FALSE
"edger_default",40,"balanced",6156,260,TRUE,FALSE
"ablate_filter",40,"balanced",8885,665,TRUE,FALSE
"ablate_exclusive",40,"balanced",10407,1016,TRUE,FALSE
"ablate_tmmwsp",40,"balanced",13135,1175,TRUE,FALSE
"ablate_priorcount",40,"balanced",13135,1216,TRUE,FALSE
"ablate_fdr",40,"balanced",13135,657,TRUE,FALSE
"ablate_shrinkfloor",40,"balanced",13135,1216,TRUE,FALSE
"ablate_lowinput",40,"balanced",13135,1216,TRUE,FALSE
"batch_removed",40,"balanced",8516,2530,FALSE,FALSE
"batch_ignored",40,"balanced",8516,2917,FALSE,FALSE
"fix_filter",40,"balanced",13084,1209,TRUE,FALSE
"ctc_pipeline",41,"balanced",13224,1261,TRUE,FALSE
"edger_default",41,"balanced",6156,326,TRUE,FALSE
"ablate_filter",41,"balanced",8978,728,TRUE,FALSE
"ablate_exclusive",41,"balanced",10407,1007,TRUE,FALSE
"ablate_tmmwsp",41,"balanced",13224,1342,TRUE,FALSE
"ablate_priorcount",41,"balanced",13224,1261,TRUE,FALSE
"ablate_fdr",41,"balanced",13224,637,TRUE,FALSE
"ablate_shrinkfloor",41,"balanced",13224,1261,TRUE,FALSE
"ablate_lowinput",41,"balanced",13224,1261,TRUE,FALSE
"batch_removed",41,"balanced",8609,2608,FALSE,FALSE
"batch_ignored",41,"balanced",8609,2987,FALSE,FALSE
"fix_filter",41,"balanced",13175,1256,TRUE,FALSE
"ctc_pipeline",42,"balanced",13153,1177,TRUE,FALSE
"edger_default",42,"balanced",6156,273,TRUE,FALSE
"ablate_filter",42,"balanced",8904,622,TRUE,FALSE
"ablate_exclusive",42,"balanced",10407,957,TRUE,FALSE
"ablate_tmmwsp",42,"balanced",13153,1192,TRUE,FALSE
"ablate_priorcount",42,"balanced",13153,1177,TRUE,FALSE
"ablate_fdr",42,"balanced",13153,648,TRUE,FALSE
"ablate_shrinkfloor",42,"balanced",13153,1177,TRUE,FALSE
"ablate_lowinput",42,"balanced",13153,1177,TRUE,FALSE
"batch_removed",42,"balanced",8535,2557,FALSE,FALSE
"batch_ignored",42,"balanced",8535,2834,FALSE,FALSE
"fix_filter",42,"balanced",13102,1165,TRUE,FALSE
"ctc_pipeline",43,"balanced",13201,994,TRUE,FALSE
"edger_default",43,"balanced",6156,185,TRUE,FALSE
"ablate_filter",43,"balanced",8950,515,TRUE,FALSE
"ablate_exclusive",43,"balanced",10407,811,TRUE,FALSE
"ablate_tmmwsp",43,"balanced",13201,971,TRUE,FALSE
"ablate_priorcount",43,"balanced",13201,994,TRUE,FALSE
"ablate_fdr",43,"balanced",13201,510,TRUE,FALSE
"ablate_shrinkfloor",43,"balanced",13201,994,TRUE,FALSE
"ablate_lowinput",43,"balanced",13201,994,TRUE,FALSE
"batch_removed",43,"balanced",8581,2492,FALSE,FALSE
"batch_ignored",43,"balanced",8581,2815,FALSE,FALSE
"fix_filter",43,"balanced",13150,992,TRUE,FALSE
"ctc_pipeline",44,"balanced",13212,1081,TRUE,FALSE
"edger_default",44,"balanced",6156,159,TRUE,FALSE
"ablate_filter",44,"balanced",8964,530,TRUE,FALSE
"ablate_exclusive",44,"balanced",10407,782,TRUE,FALSE
"ablate_tmmwsp",44,"balanced",13212,1131,TRUE,FALSE
"ablate_priorcount",44,"balanced",13212,1081,TRUE,FALSE
"ablate_fdr",44,"balanced",13212,555,TRUE,FALSE
"ablate_shrinkfloor",44,"balanced",13212,1081,TRUE,FALSE
"ablate_lowinput",44,"balanced",13212,1081,TRUE,FALSE
"batch_removed",44,"balanced",8595,2537,FALSE,FALSE
"batch_ignored",44,"balanced",8595,2904,FALSE,FALSE
"fix_filter",44,"balanced",13162,1071,TRUE,FALSE
"ctc_pipeline",45,"balanced",13213,1182,TRUE,FALSE
"edger_default",45,"balanced",6156,248,TRUE,FALSE
"ablate_filter",45,"balanced",8970,632,TRUE,FALSE
"ablate_exclusive",45,"balanced",10407,987,TRUE,FALSE
"ablate_tmmwsp",45,"balanced",13213,1148,TRUE,FALSE
"ablate_priorcount",45,"balanced",13213,1182,TRUE,FALSE
"ablate_fdr",45,"balanced",13213,620,TRUE,FALSE
"ablate_shrinkfloor",45,"balanced",13213,1182,TRUE,FALSE
"ablate_lowinput",45,"balanced",13213,1182,TRUE,FALSE
"batch_removed",45,"balanced",8601,2545,FALSE,FALSE
"batch_ignored",45,"balanced",8601,2930,FALSE,FALSE
"fix_filter",45,"balanced",13162,1177,TRUE,FALSE
"ctc_pipeline",46,"balanced",13126,1236,TRUE,FALSE
"edger_default",46,"balanced",6156,291,TRUE,FALSE
"ablate_filter",46,"balanced",8876,682,TRUE,FALSE
"ablate_exclusive",46,"balanced",10407,956,TRUE,FALSE
"ablate_tmmwsp",46,"balanced",13126,1201,TRUE,FALSE
"ablate_priorcount",46,"balanced",13126,1236,TRUE,FALSE
"ablate_fdr",46,"balanced",13126,707,TRUE,FALSE
"ablate_shrinkfloor",46,"balanced",13126,1236,TRUE,FALSE
"ablate_lowinput",46,"balanced",13126,1236,TRUE,FALSE
"batch_removed",46,"balanced",8507,2537,FALSE,FALSE
"batch_ignored",46,"balanced",8507,2905,FALSE,FALSE
"fix_filter",46,"balanced",13075,1223,TRUE,FALSE
"ctc_pipeline",47,"balanced",13208,1148,TRUE,FALSE
"edger_default",47,"balanced",6156,264,TRUE,FALSE
"ablate_filter",47,"balanced",8958,676,TRUE,FALSE
"ablate_exclusive",47,"balanced",10407,912,TRUE,FALSE
"ablate_tmmwsp",47,"balanced",13208,1260,TRUE,FALSE
"ablate_priorcount",47,"balanced",13208,1148,TRUE,FALSE
"ablate_fdr",47,"balanced",13208,614,TRUE,FALSE
"ablate_shrinkfloor",47,"balanced",13208,1148,TRUE,FALSE
"ablate_lowinput",47,"balanced",13208,1148,TRUE,FALSE
"batch_removed",47,"balanced",8589,2621,FALSE,FALSE
"batch_ignored",47,"balanced",8589,2985,FALSE,FALSE
"fix_filter",47,"balanced",13157,1140,TRUE,FALSE
"ctc_pipeline",48,"balanced",13218,1183,TRUE,FALSE
"edger_default",48,"balanced",6156,221,TRUE,FALSE
"ablate_filter",48,"balanced",8970,576,TRUE,FALSE
"ablate_exclusive",48,"balanced",10407,936,TRUE,FALSE
"ablate_tmmwsp",48,"balanced",13218,1215,TRUE,FALSE
"ablate_priorcount",48,"balanced",13218,1183,TRUE,FALSE
"ablate_fdr",48,"balanced",13218,650,TRUE,FALSE
"ablate_shrinkfloor",48,"balanced",13218,1183,TRUE,FALSE
"ablate_lowinput",48,"balanced",13218,1183,TRUE,FALSE
"batch_removed",48,"balanced",8601,2571,FALSE,FALSE
"batch_ignored",48,"balanced",8601,2905,FALSE,FALSE
"fix_filter",48,"balanced",13167,1185,TRUE,FALSE
"ctc_pipeline",49,"balanced",13219,916,TRUE,FALSE
"edger_default",49,"balanced",6156,205,TRUE,FALSE
"ablate_filter",49,"balanced",8970,475,TRUE,FALSE
"ablate_exclusive",49,"balanced",10407,778,TRUE,FALSE
"ablate_tmmwsp",49,"balanced",13219,963,TRUE,FALSE
"ablate_priorcount",49,"balanced",13219,916,TRUE,FALSE
"ablate_fdr",49,"balanced",13219,468,TRUE,FALSE
"ablate_shrinkfloor",49,"balanced",13219,916,TRUE,FALSE
"ablate_lowinput",49,"balanced",13219,916,TRUE,FALSE
"batch_removed",49,"balanced",8601,2558,FALSE,FALSE
"batch_ignored",49,"balanced",8601,2752,FALSE,FALSE
"fix_filter",49,"balanced",13168,931,TRUE,FALSE
"ctc_pipeline",50,"balanced",13231,1060,TRUE,FALSE
"edger_default",50,"balanced",6156,189,TRUE,FALSE
"ablate_filter",50,"balanced",8981,563,TRUE,FALSE
"ablate_exclusive",50,"balanced",10407,808,TRUE,FALSE
"ablate_tmmwsp",50,"balanced",13231,1113,TRUE,FALSE
"ablate_priorcount",50,"balanced",13231,1060,TRUE,FALSE
"ablate_fdr",50,"balanced",13231,476,TRUE,FALSE
"ablate_shrinkfloor",50,"balanced",13231,1060,TRUE,FALSE
"ablate_lowinput",50,"balanced",13231,1060,TRUE,FALSE
"batch_removed",50,"balanced",8612,2476,FALSE,FALSE
"batch_ignored",50,"balanced",8612,2876,FALSE,FALSE
"fix_filter",50,"balanced",13180,1039,TRUE,FALSE
